Entity Text,Candidates
béo phì,"Top 1: E66.8 (béo phì khác)
Top 2: E66.8 (béo phì khác)
Top 3: E65 (béo phì khu trú)
Top 4: E66 (bệnh thừa cân béo phì)
Top 5: E66.1 (béo phì do thuốc)"
Viêm gan virus C,"Top 1: B17.1 (bệnh viêm gan virus c cấp tính)
Top 2: B18.2 (viêm gan virus c mạn tính)
Top 3: B18.2 (viêm gan virus c mạn tính)
Top 4: B17.1 (bệnh viêm gan virus c cấp tính)
Top 5: P35.3 (viêm gan virus bẩm sinh)"
suy tim,"Top 1: I50 (suy tim)
Top 2: I50 (suy tim)
Top 3: P29.0 (suy tim sơ sinh)
Top 4: I50.0 (suy tim sung huyết)
Top 5: I50.0 (suy tim sung huyết)"
ngoại tâm thu nhĩ,"Top 1: I49.1 (ngoại tâm thu nhĩ)
Top 2: I49.3 (ngoại tâm thu thất)
Top 3: I49.3 (ngoại tâm thu thất)
Top 4: I49.1 (ngoại tâm thu nhĩ)
Top 5: I48 (rung nhĩ và cuồng động nhĩ)"
Tăng nhãn áp,"Top 1: Q15.0 (glocom ( tăng nhãn áp ) bẩm sinh)
Top 2: H44.4 (hạ nhãn áp)
Top 3: H44.4 (hạ nhãn áp)
Top 4: Q15.0 (glocom ( tăng nhãn áp ) bẩm sinh)
Top 5: I27.0 (tăng áp động mạch phổi nguyên phát)"
viêm tuyến mồ hôi,"Top 1: L75.2 (rôm tuyến mồ hôi bán hủy)
Top 2: L74 (các bệnh của tuyến mồ hôi)
Top 3: L74 (các bệnh của tuyến mồ hôi)
Top 4: L73.2 (viêm tuyến mồ hôi mủ ( nhọt ổ gà ))
Top 5: L73.2 (viêm tuyến mồ hôi mủ ( nhọt ổ gà ))"
gãy cổ xương đùi phải,"Top 1: S72.0 (gãy cổ xương đùi)
Top 2: S72.0 (gãy cổ xương đùi)
Top 3: S72.00 (gãy cổ xương đùi , gãy kín)
Top 4: S72 (gãy xương đùi)
Top 5: S72.01 (gãy cổ xương đùi , gãy hở)"
không viêm bể thận,"Top 1: N11.1 (viêm thận bể thận mạn do tắc nghẽn)
Top 2: N11.0 (viêm thận bể thận mạn do trào ngược không tắc nghẽn)
Top 3: N11.0 (viêm thận bể thận mạn do trào ngược không tắc nghẽn)
Top 4: S37.00 (tổn thương thận , không có vết thương mở vào ổ bụng)
Top 5: D30.1 (u lành của bể thận)"
viêm mô tế bào,"Top 1: H60.1 (viêm mô tế bào tai ngoài)
Top 2: L03 (viêm mô bào)
Top 3: N73.0 (viêm mô cận tử cung và viêm mô tế bào vùng chậu)
Top 4: L03.3 (viêm mô bào ở thân)
Top 5: K12.2 (viêm mô tế bào và áp xe của miệng)"
Nhiễm virus Herpes simplex (HSV),"Top 1: B00 (bệnh do nhiễm virus herpes ( herpes simplex ))
Top 2: B00 (bệnh do nhiễm virus herpes ( herpes simplex ))
Top 3: B00.8 (dạng khác của nhiễm virus herpes ( herpes simplex ))
Top 4: B00.8 (dạng khác của nhiễm virus herpes ( herpes simplex ))
Top 5: B00.5 (bệnh mắt do nhiễm virus herpes ( herpes simplex ))"
trầm cảm,"Top 1: F32 (giai đoạn trầm cảm)
Top 2: F32 (giai đoạn trầm cảm)
Top 3: F32.1 (giai đoạn trầm cảm vừa)
Top 4: F32.1 (giai đoạn trầm cảm vừa)
Top 5: F33 (rối loạn trầm cảm tái diễn)"
rối loạn lo âu,"Top 1: F06.4 (rối loạn lo âu thực tổn)
Top 2: F41.1 (rối loạn lo âu lan tỏa)
Top 3: F41.1 (rối loạn lo âu lan tỏa)
Top 4: F41.8 (rối loạn lo âu biệt định khác)
Top 5: F40 (rối loạn lo âu ám ảnh sợ hãi)"
Ngưng thở khi ngủ do tắc nghẽn,"Top 1: G47.3 (ngừng thở khi ngủ)
Top 2: G47.3 (ngừng thở khi ngủ)
Top 3: P28.3 (ngừng thở khi ngủ nguyên phát của trẻ sơ sinh)
Top 4: P28.3 (ngừng thở khi ngủ nguyên phát của trẻ sơ sinh)
Top 5: R07.1 (đau ngực khi thở)"
tăng huyết áp vô căn,"Top 1: I10 (tăng huyết áp vô căn ( nguyên phát ))
Top 2: I10 (tăng huyết áp vô căn ( nguyên phát ))
Top 3: G25.0 (run vô căn)
Top 4: D47.3 (bệnh tăng tiểu cầu ( xuất huyết ) vô căn)
Top 5: D47.3 (bệnh tăng tiểu cầu ( xuất huyết ) vô căn)"
Nhồi máu cơ tim,"Top 1: I25.2 (nhồi máu cơ tim cũ)
Top 2: I21 (nhồi máu cơ tim cấp)
Top 3: I21 (nhồi máu cơ tim cấp)
Top 4: I25.2 (nhồi máu cơ tim cũ)
Top 5: I22 (nhồi máu cơ tim tiến triển)"
Bệnh động mạch vành mạn tính,"Top 1: J44 (các bệnh phổi tắc nghẽn mạn tính khác)
Top 2: I25.0 (bệnh tim mạch do xơ vữa động mạch vành)
Top 3: A06.1 (bệnh lỵ amip đường ruột mạn tính)
Top 4: I37 (bệnh van động mạch phổi)
Top 5: D47.1 (bệnh bạch cầu tăng sinh tủy mạn tính)"
viêm bể thận,"Top 1: N11.1 (viêm thận bể thận mạn do tắc nghẽn)
Top 2: N11.1 (viêm thận bể thận mạn do tắc nghẽn)
Top 3: C65 (u ác của bể thận)
Top 4: P96.0 (suy thận bẩm sinh)
Top 5: D30.1 (u lành của bể thận)"
Viêm nội tâm mạc,"Top 1: I01.1 (viêm nội tâm mạc cấp do thấp)
Top 2: I01.1 (viêm nội tâm mạc cấp do thấp)
Top 3: I42.4 (xơ chun nội tâm mạc)
Top 4: B37.6† (bệnh viêm nội tâm mạc do nhiễm nấm candida ( i39 . 8 * ))
Top 5: I33.9 (viêm nội tâm mạc cấp , không đặc hiệu)"
Khởi phát chuyển dạ,"Top 1: O61 (khởi phát chuyển dạ thất bại)
Top 2: O61 (khởi phát chuyển dạ thất bại)
Top 3: O62.3 (chuyển dạ nhanh)
Top 4: O62.3 (chuyển dạ nhanh)
Top 5: O63 (chuyển dạ kéo dài)"
xơ gan do rượu,"Top 1: K70.3 (xơ gan do rượu)
Top 2: K70.3 (xơ gan do rượu)
Top 3: K74.4 (xơ gan mật thứ phát)
Top 4: K70.2 (bệnh xơ hóa gan do rượu)
Top 5: K70.4 (suy gan do rượu)"
viêm thần kinh ngoại biên,"Top 1: C47.4 (u ác của thần kinh ngoại biên của bụng)
Top 2: G64 (bệnh khác của hệ thần kinh ngoại vi)
Top 3: C47.3 (u ác của thần kinh ngoại biên của lồng ngực)
Top 4: Q85.9 (hội chứng u thần kinh da ngoại bì không đặc hiệu)
Top 5: S14.4 (tổn thương đám rối thần kinh ngoại biên của cổ)"
nhiễm khuẩn đường tiết niệu,"Top 1: O86.2 (nhiễm khuẩn đường tiết niệu sau đẻ)
Top 2: P39.3 (nhiễm khuẩn đường tiết niệu trẻ sơ sinh)
Top 3: P39.3 (nhiễm khuẩn đường tiết niệu trẻ sơ sinh)
Top 4: O86.2 (nhiễm khuẩn đường tiết niệu sau đẻ)
Top 5: N39.0 (nhiễm khuẩn đường tiết niệu , vị trí không xác định)"
viêm phổi thùy dưới phải,"Top 1: C34.3 (u ác của thùy dưới , phế quản hoặc phổi)
Top 2: Q33.1 (phổi có thùy phụ)
Top 3: J18.1 (viêm phổi thùy , không đặc hiệu)
Top 4: C34.3 (u ác của thùy dưới , phế quản hoặc phổi)
Top 5: C34.2 (u ác của thùy giữa , phế quản hoặc phổi)"
nhiễm trùng chi dưới bên phải,"Top 1: Z89.8 (mất chi trên và chi dưới mắc phải ( bất kỳ mức nào ))
Top 2: T93.0 (di chứng vết thương hở chi dưới)
Top 3: Z89 (mất chi mắc phải)
Top 4: T93 (di chứng tổn thương chi dưới)
Top 5: I83 (giãn tĩnh mạch chi dưới)"
Ung thư vú di căn ER+/HER2−,"Top 1: D05 (ung thư biểu mô tại chỗ của vú)
Top 2: D05 (ung thư biểu mô tại chỗ của vú)
Top 3: D05.1 (ung thư biểu mô ống tuyến vú tại chỗ)
Top 4: D05.1 (ung thư biểu mô ống tuyến vú tại chỗ)
Top 5: D05.7 (ung thư biểu mô ống tuyến khác tại chỗ của vú)"
Bệnh động mạch vành phải nặng hơn,"Top 1: I25.4 (phình động mạch vành)
Top 2: I25.0 (bệnh tim mạch do xơ vữa động mạch vành)
Top 3: I25.0 (bệnh tim mạch do xơ vữa động mạch vành)
Top 4: I35.8 (bệnh van động mạch chủ khác)
Top 5: Z95.5 (còn dụng cụ implant và vật ghép tạo hình động mạch vành)"
hồi tràng,"Top 1: C17.2 (u ác của hồi tràng)
Top 2: Z93.2 (tình trạng lỗ mở hồi tràng)
Top 3: Z93.2 (tình trạng lỗ mở hồi tràng)
Top 4: C17.2 (u ác của hồi tràng)
Top 5: Z43.2 (chăm sóc lỗ mở thông hồi tràng)"
phẫu thuật bóc tách u nội tiết từ thân tuỵ,"Top 1: M93.2 (viêm xương sụn bóc tách)
Top 2: C25.4 (u ác của tụy nội tiết)
Top 3: D26.1 (u lành thân tử cung)
Top 4: D13.7 (u lành của tụy nội tiết)
Top 5: I72.5 (phình và tách động mạch nền ( thân nền ))"
rò ống tuỵ mật,"Top 1: K83.1 (tắc ống mật)
Top 2: K82.3 (rò túi mật)
Top 3: Q44.4 (u nang ống mật chủ)
Top 4: K83.3 (rò đường mật)
Top 5: K80.3 (sỏi ống mật có viêm đường mật)"
thuyên tắc phổi hai bên,"Top 1: I26.0 (thuyên tắc mạch phổi có tâm phế cấp)
Top 2: I26.0 (thuyên tắc mạch phổi có tâm phế cấp)
Top 3: I26.9 (thuyên tắc mạch phổi không có tâm phế cấp)
Top 4: I26 (tắc mạch phổi)
Top 5: O88.1 (thuyên tắc mạch ối)"
cắt bỏ ống dẫn mật chủ,"Top 1: Q44.4 (u nang ống mật chủ)
Top 2: Q44.4 (u nang ống mật chủ)
Top 3: K83.1 (tắc ống mật)
Top 4: K83.1 (tắc ống mật)
Top 5: Q55.3 (teo ống dẫn tinh)"
chấn thương gãy xương sườn trái,"Top 1: S22.3 (gãy xương sườn)
Top 2: S22.3 (gãy xương sườn)
Top 3: S22.4 (gãy nhiều xương sườn)
Top 4: S22.4 (gãy nhiều xương sườn)
Top 5: S22.30 (gãy xương sườn , gãy kín)"
nhiễm trùng tụ cầu,"Top 1: A49.0 (nhiễm trùng tụ cầu , vị trí không xác định)
Top 2: A41.1 (nhiễm khuẩn huyết do tụ cầu xác định khác)
Top 3: P23.2 (viêm phổi bẩm sinh do tụ cầu)
Top 4: A49.0 (nhiễm trùng tụ cầu , vị trí không xác định)
Top 5: A41.0 (nhiễm khuẩn huyết do tụ cầu vàng)"
Rò động - tĩnh mạch đùi phải,"Top 1: I77.0 (rò động - tĩnh mạch mắc phải)
Top 2: I77.0 (rò động - tĩnh mạch mắc phải)
Top 3: I28.0 (rò động - tĩnh mạch phổi)
Top 4: I28.0 (rò động - tĩnh mạch phổi)
Top 5: Q27.3 (dị tật động - tĩnh mạch ngoại biên)"
cơn đau thắt ngực ổn định,"Top 1: I20.0 (cơn đau thắt ngực không ổn định)
Top 2: I20.0 (cơn đau thắt ngực không ổn định)
Top 3: I20 (cơn đau thắt ngực)
Top 4: I20 (cơn đau thắt ngực)
Top 5: I20.1 (cơn đau thắt ngực do co thắt mạch)"
xuất huyết dưới màng cứng,"Top 1: S06.5 (xuất huyết dưới màng cứng)
Top 2: S06.5 (xuất huyết dưới màng cứng)
Top 3: I62.0 (xuất huyết dưới màng cứng không do chấn thương)
Top 4: S06.4 (xuất huyết ngoài màng cứng)
Top 5: P10.0 (xuất huyết dưới màng cứng do chấn thương khi sinh)"
Suy giảm nhận thức nhẹ,"Top 1: F06.7 (rối loạn nhận thức nhẹ)
Top 2: F06.7 (rối loạn nhận thức nhẹ)
Top 3: R48.1 (mất nhận thức)
Top 4: Z51.5 (chăm sóc giảm nhẹ)
Top 5: H93.2 (nhận thức thính giác bất thường khác .)"
Rung nhĩ kèm nhịp nhanh trên thất,"Top 1: I47.2 (nhịp nhanh thất)
Top 2: I47.1 (nhịp nhanh kịch phát trên thất)
Top 3: I47.1 (nhịp nhanh kịch phát trên thất)
Top 4: I47.2 (nhịp nhanh thất)
Top 5: I48.3 (rung nhĩ điển hình)"
Nghẽn tắc và hẹp động mạch cảnh,"Top 1: I65.2 (nghẽn tắc và hẹp động mạch cảnh)
Top 2: I65.2 (nghẽn tắc và hẹp động mạch cảnh)
Top 3: I66.3 (nghẽn tắc và hẹp động mạch tiểu não)
Top 4: I65.1 (nghẽn tắc và hẹp động mạch nền)
Top 5: I65.0 (nghẽn tắc và hẹp động mạch đốt sống)"
đào thải,"Top 1: Z60.4 (loại trừ và đào thải xã hội)
Top 2: Z60.4 (loại trừ và đào thải xã hội)
Top 3: U83.2 (kháng nhóm quinolon)
Top 4: Q01 (thoát vị não)
Top 5: C41.0 (u ác của xương sọ và xương mặt)"
vết thương hở phần khác của chi dưới,"Top 1: S81.8 (vết thương hở phần khác của chi dưới)
Top 2: S81.8 (vết thương hở phần khác của chi dưới)
Top 3: S81.9 (vết thương hở chi dưới , phần không xác định)
Top 4: T01.3 (vết thương hở liên quan của nhiều vùng của chi dưới)
Top 5: T93.0 (di chứng vết thương hở chi dưới)"
nhiễm Clostridioides difficile,"Top 1: A04.7 (viêm ruột do clostridium difficile)
Top 2: A04.7 (viêm ruột do clostridium difficile)
Top 3: E87.3 (nhiễm kiềm)
Top 4: B38 (bệnh nhiễm nấm coccidioides)
Top 5: E87.2 (nhiễm toan)"
u cơ trơn tử cung,"Top 1: D25 (u cơ trơn tử cung)
Top 2: D25.1 (u cơ trơn trong vách tử cung)
Top 3: D25.0 (u cơ trơn dưới niêm mạc tử cung)
Top 4: D25 (u cơ trơn tử cung)
Top 5: D25.1 (u cơ trơn trong vách tử cung)"
Gãy xương hông phải,"Top 1: S92.1 (gãy xương sên)
Top 2: S70.0 (đụng giập tại hông)
Top 3: S92.0 (gãy xương gót)
Top 4: S42.0 (gãy xương đòn)
Top 5: S52 (gãy xương cẳng tay)"
đặt stent động mạch thận trái,"Top 1: I70.1 (xơ vữa động mạch thận)
Top 2: I70.1 (xơ vữa động mạch thận)
Top 3: Q27.1 (hẹp động mạch thận bẩm sinh)
Top 4: Q27.1 (hẹp động mạch thận bẩm sinh)
Top 5: Q24.1 (tim bên trái)"
viêm túi mật cấp tính không biến chứng,"Top 1: K80.2 (sỏi túi mật không có viêm túi mật)
Top 2: K81.9 (viêm túi mật , không đặc hiệu)
Top 3: K81 (viêm túi mật)
Top 4: K82.9 (bệnh của túi mật , không đặc hiệu)
Top 5: K80.1 (sỏi túi mật có viêm túi mật khác)"
Ung thư phổi không tế bào nhỏ,"Top 1: C83.0 (u lympho không hodgkin tế bào b nhỏ)
Top 2: J84.9 (bệnh phổi mô kẽ , không phân loại)
Top 3: D03 (ung thư tế bào hắc tố tại chỗ)
Top 4: J94.9 (bệnh màng phổi , không đặc hiệu)
Top 5: C22.0 (ung thư biểu mô tế bào gan)"
u tuyến,"Top 1: U85 (kháng các thuốc kháng ung thư)
Top 2: L72.2 (đa u tuyến bã)
Top 3: U84.9 (kháng các thuốc kháng vi sinh vật không xác định)
Top 4: N60.2 (u xơ tuyến vú)
Top 5: U84.8 (kháng thuốc kháng vi sinh vật xác định khác)"
loét tá tràng,"Top 1: K26 (loét tá tràng)
Top 2: K26 (loét tá tràng)
Top 3: K26.0 (loét tá tràng , cấp có xuất huyết)
Top 4: K26.1 (loét tá tràng , cấp có thủng)
Top 5: K26.1 (loét tá tràng , cấp có thủng)"
tăng áp lực tĩnh mạch cửa,"Top 1: K76.6 (tăng áp lực tĩnh mạch cửa)
Top 2: K76.6 (tăng áp lực tĩnh mạch cửa)
Top 3: K75.1 (viêm tĩnh mạch của tĩnh mạch cửa)
Top 4: I81 (huyết khối tĩnh mạch cửa)
Top 5: I81 (huyết khối tĩnh mạch cửa)"
U ác của đại tràng,"Top 1: C18.6 (u ác của đại tràng xuống)
Top 2: C18.2 (u ác của đại tràng lên)
Top 3: C18.4 (u ác của đại tràng ngang)
Top 4: C18.6 (u ác của đại tràng xuống)
Top 5: C18.2 (u ác của đại tràng lên)"
sỏi ống mật,"Top 1: K80.3 (sỏi ống mật có viêm đường mật)
Top 2: K80.3 (sỏi ống mật có viêm đường mật)
Top 3: K80 (sỏi mật)
Top 4: K80 (sỏi mật)
Top 5: K80.8 (sỏi mật khác)"
Ung thư đại tràng,"Top 1: D01.0 (ung thư biểu mô tại chỗ của đại tràng)
Top 2: D01.0 (ung thư biểu mô tại chỗ của đại tràng)
Top 3: D01.1 (ung thư biểu mô tại chỗ của đoạn nối trực tràng - đại tràng sigma)
Top 4: D12.2 (u lành của đại tràng lên)
Top 5: S36.5 (tổn thương đại tràng)"
viêm túi mật không biến chứng,"Top 1: K80.2 (sỏi túi mật không có viêm túi mật)
Top 2: K80.2 (sỏi túi mật không có viêm túi mật)
Top 3: K81 (viêm túi mật)
Top 4: K81.9 (viêm túi mật , không đặc hiệu)
Top 5: K80.1 (sỏi túi mật có viêm túi mật khác)"
bệnh Graves,"Top 1: G73.5* (bệnh cơ trong bệnh nội tiết)
Top 2: B86 (bệnh ghẻ)
Top 3: G73.6* (bệnh cơ trong bệnh chuyển hóa)
Top 4: D56 (bệnh thalassemia)
Top 5: I43.1* (bệnh cơ tim trong bệnh chuyển hóa)"
Rối loạn cảm xúc,"Top 1: F25 (rối loạn phân liệt cảm xúc)
Top 2: F38 (rối loạn khí sắc ( cảm xúc ) khác)
Top 3: F31 (rối loạn cảm xúc lưỡng cực)
Top 4: F25 (rối loạn phân liệt cảm xúc)
Top 5: F31.8 (rối loạn cảm xúc lưỡng cực khác)"
bệnh rễ thần kinh tuỷ sống ở ngón tay cái,"Top 1: S64.3 (tổn thương dây thần kinh ngón tay của ngón tay cái)
Top 2: M54.1 (bệnh rễ thần kinh tủy sống)
Top 3: S65.4 (tổn thương mạch máu ngón tay cái)
Top 4: S64.3 (tổn thương dây thần kinh ngón tay của ngón tay cái)
Top 5: S62.5 (gãy xương ngón tay cái)"
tăng calci máu,"Top 1: P71.1 (hạ calci máu khác của sơ sinh)
Top 2: E87.5 (tăng kali máu)
Top 3: E67.1 (tăng caroten máu)
Top 4: E67.1 (tăng caroten máu)
Top 5: E78.3 (tăng chylomicron máu)"
sỏi đoạn cuối ống mật chủ,"Top 1: Q44.4 (u nang ống mật chủ)
Top 2: K80.3 (sỏi ống mật có viêm đường mật)
Top 3: K80.3 (sỏi ống mật có viêm đường mật)
Top 4: K80 (sỏi mật)
Top 5: K80 (sỏi mật)"
chấn thương từ bên ngoài,"Top 1: T98 (di chứng do tác động khác và không xác định của các nguyên nhân từ bên ngoài)
Top 2: S15.2 (tổn thương tĩnh mạch cảnh ngoài)
Top 3: M87.2 (hoại tử xương do chấn thương từ trước)
Top 4: P15.5 (chấn thương bộ phận sinh dục ngoài khi sinh)
Top 5: S53.2 (chấn thương đứt dây chằng bên quay)"
ngoại tâm thu thất,"Top 1: I49.3 (ngoại tâm thu thất)
Top 2: I49.3 (ngoại tâm thu thất)
Top 3: I49.1 (ngoại tâm thu nhĩ)
Top 4: I49.1 (ngoại tâm thu nhĩ)
Top 5: C16.0 (u ác của tâm vị)"
Tăng huyết áp,"Top 1: R03.0 (số đo huyết áp tăng , không chẩn đoán tăng huyết áp)
Top 2: I15 (tăng huyết áp thứ phát)
Top 3: P29.2 (tăng huyết áp sơ sinh)
Top 4: I15.8 (tăng huyết áp thứ phát khác)
Top 5: I15 (tăng huyết áp thứ phát)"
thiếu máu,"Top 1: D52 (thiếu máu thiếu folate)
Top 2: D53.0 (thiếu máu do thiếu protein)
Top 3: D50 (thiếu máu do thiếu sắt)
Top 4: D64 (các thiếu máu khác)
Top 5: D52.8 (thiếu máu thiếu folate khác)"
viêm phổi thùy dưới trái,"Top 1: C34.3 (u ác của thùy dưới , phế quản hoặc phổi)
Top 2: Q33.1 (phổi có thùy phụ)
Top 3: J18.1 (viêm phổi thùy , không đặc hiệu)
Top 4: C34.3 (u ác của thùy dưới , phế quản hoặc phổi)
Top 5: C34.2 (u ác của thùy giữa , phế quản hoặc phổi)"
tăng huyết áp,"Top 1: R03.0 (số đo huyết áp tăng , không chẩn đoán tăng huyết áp)
Top 2: I15 (tăng huyết áp thứ phát)
Top 3: P29.2 (tăng huyết áp sơ sinh)
Top 4: I15.8 (tăng huyết áp thứ phát khác)
Top 5: I15 (tăng huyết áp thứ phát)"
viêm phổi,"Top 1: J85.1 (áp xe phổi có viêm phổi)
Top 2: R09.1 (viêm màng phổi)
Top 3: R09.1 (viêm màng phổi)
Top 4: J85.1 (áp xe phổi có viêm phổi)
Top 5: P23 (viêm phổi bẩm sinh)"
Táo bón mãn tính,"Top 1: K59.0 (táo bón)
Top 2: K59.0 (táo bón)
Top 3: K58.2 (hội chứng ruột kích thích , với táo bón chủ yếu ( ibs - c ))
Top 4: K58.2 (hội chứng ruột kích thích , với táo bón chủ yếu ( ibs - c ))
Top 5: K58.3 (hội chứng ruột kích thích , với tiêu chảy và táo bón chủ yếu ( ibs - m ))"
Phẫu thuật thay van hai lá cơ học,"Top 1: I05.0 (hẹp van hai lá)
Top 2: I05 (bệnh lý van hai lá do thấp)
Top 3: I05.2 (hẹp hở van hai lá)
Top 4: I05.8 (bệnh van hai lá khác)
Top 5: I05.8 (bệnh van hai lá khác)"
rung nhĩ,"Top 1: I48.3 (rung nhĩ điển hình)
Top 2: I48.2 (rung nhĩ mạn tính)
Top 3: I48.1 (rung nhĩ dai dẳng)
Top 4: I48.3 (rung nhĩ điển hình)
Top 5: I48.0 (rung nhĩ kịch phát)"
Bệnh lý thận do BK,"Top 1: B52.0 (bệnh sốt rét do plasmodium malariae kèm bệnh lý thận)
Top 2: N14.3 (bệnh thận do kim loại nặng)
Top 3: N11.1 (viêm thận bể thận mạn do tắc nghẽn)
Top 4: N15.0 (bệnh thận vùng balkan)
Top 5: N25.1 (đái tháo nhạt do thận)"
đa u tuỷ xương,"Top 1: C90.0 (đa u tủy xương)
Top 2: C90.0 (đa u tủy xương)
Top 3: L72.2 (đa u tuyến bã)
Top 4: M82.0* (loãng xương trong bệnh đa u tủy xương ( c90 . 0 † ))
Top 5: E31.1 (bệnh đa u tuyến nội tiết)"
Chấn thương tù ở Chi dưới phải,"Top 1: Z89.2 (mất chi trên ở trên ở cổ tay mắc phải)
Top 2: S81.7 (đa vết thương hở chi dưới)
Top 3: L04.3 (viêm bạch mạch huyết cấp ở chi dưới)
Top 4: G83.1 (liệt một chi dưới)
Top 5: Y00 (tấn công bằng vật tù)"
viêm tụy,"Top 1: K86.1 (viêm tụy mạn thể khác)
Top 2: K85 (viêm tụy cấp)
Top 3: K86.0 (viêm tụy mạn do rượu)
Top 4: K85.8 (viêm tụy cấp khác)
Top 5: B25.2† (viêm tụy do cytomegalovirus ( k87 . 1 * ))"
cường cận giáp nguyên phát,"Top 1: E21.0 (cường cận giáp nguyên phát)
Top 2: E21.0 (cường cận giáp nguyên phát)
Top 3: E21.2 (cường cận giáp cấp 3)
Top 4: E21.2 (cường cận giáp cấp 3)
Top 5: E21 (cường cận giáp và các rối loạn khác của tuyến cận giáp)"
Bệnh gan do rượu,"Top 1: K70 (bệnh gan do rượu)
Top 2: K70 (bệnh gan do rượu)
Top 3: K70.2 (bệnh xơ hóa gan do rượu)
Top 4: K70.1 (viêm gan do rượu)
Top 5: K70.1 (viêm gan do rượu)"
Bệnh đa xơ cứng,"Top 1: G35 (đa xơ cứng , xơ cứng rải rác)
Top 2: Q85.1 (bệnh xơ cứng củ)
Top 3: Q85.1 (bệnh xơ cứng củ)
Top 4: M34.1 (hội chứng xơ cứng bì hạn chế ( crest ))
Top 5: K74.1 (gan xơ cứng)"
Suy tim sung huyết cấp,"Top 1: I50.0 (suy tim sung huyết)
Top 2: I50.0 (suy tim sung huyết)
Top 3: I11.9 (bệnh tim do tăng huyết áp , không suy tim ( sung huyết ))
Top 4: I11.0 (bệnh tim do tăng huyết áp , có suy tim ( sung huyết ))
Top 5: I11.0 (bệnh tim do tăng huyết áp , có suy tim ( sung huyết ))"
tăng sản tuyến tiền liệt,"Top 1: N40 (tăng sản tuyến tiền liệt)
Top 2: N40 (tăng sản tuyến tiền liệt)
Top 3: N85.0 (tăng sản tuyến nội mạc)
Top 4: N85.0 (tăng sản tuyến nội mạc)
Top 5: E32.0 (tăng sản tuyến ức kéo dài)"
Rối loạn lưỡng cực,"Top 1: F31 (rối loạn cảm xúc lưỡng cực)
Top 2: F31 (rối loạn cảm xúc lưỡng cực)
Top 3: F31.8 (rối loạn cảm xúc lưỡng cực khác)
Top 4: F31.8 (rối loạn cảm xúc lưỡng cực khác)
Top 5: F31.9 (rối loạn cảm xúc lưỡng cực không biệt định)"
Varicella Zoster Virus,"Top 1: B02.7 (bệnh zoster lan tỏa)
Top 2: B02.7 (bệnh zoster lan tỏa)
Top 3: B02 (bệnh do herpes zoster)
Top 4: B02 (bệnh do herpes zoster)
Top 5: B02.9 (bệnh zoster không biến chứng)"
ung thư biểu mô tế bào mật,"Top 1: C22.0 (ung thư biểu mô tế bào gan)
Top 2: C22.1 (ung thư biểu mô đường mật trong gan)
Top 3: D01.5 (ung thư biểu mô tại chỗ của gan , túi mật và đường dẫn mật)
Top 4: D01.5 (ung thư biểu mô tại chỗ của gan , túi mật và đường dẫn mật)
Top 5: D05.0 (ung thư biểu mô tiểu thùy tại chỗ)"
Viêm loét đại tràng,"Top 1: K51 (viêm loét đại tràng chảy máu)
Top 2: K51 (viêm loét đại tràng chảy máu)
Top 3: K51.8 (viêm loét đại tràng chảy máu khác)
Top 4: K51.8 (viêm loét đại tràng chảy máu khác)
Top 5: K51.9 (viêm loét đại tràng chảy máu , không đặc hiệu)"
viêm túi mật thủng cấp tính,"Top 1: K82.2 (thủng túi mật)
Top 2: K81.0 (viêm túi mật cấp)
Top 3: K81 (viêm túi mật)
Top 4: K80.0 (sỏi túi mật có viêm túi mật cấp)
Top 5: K80.1 (sỏi túi mật có viêm túi mật khác)"
Tăng huyết áp nguyên phát,"Top 1: I10 (tăng huyết áp vô căn ( nguyên phát ))
Top 2: I10 (tăng huyết áp vô căn ( nguyên phát ))
Top 3: R03.0 (số đo huyết áp tăng , không chẩn đoán tăng huyết áp)
Top 4: I15 (tăng huyết áp thứ phát)
Top 5: I15 (tăng huyết áp thứ phát)"
Code tai biến mạch máu não,"Top 1: Z82.3 (tiền sử gia đình có tai biến mạch máu não)
Top 2: I63.4 (nhồi máu não do thuyên tắc động mạch não)
Top 3: I69 (di chứng bệnh mạch máu não)
Top 4: I63.3 (nhồi máu não do huyết khối động mạch não)
Top 5: I67 (bệnh mạch máu não khác)"
Rối loạn lipid máu,"Top 1: E78.4 (tăng lipid máu khác)
Top 2: E78 (rối loạn chuyển hóa lipoprotein và tình trạng tăng lipid máu khác)
Top 3: E78.2 (tăng lipid máu hỗn hợp)
Top 4: E75.5 (rối loạn tích lũy lipid khác)
Top 5: E78 (rối loạn chuyển hóa lipoprotein và tình trạng tăng lipid máu khác)"
Thai 41 tuần,"Top 1: O47.0 (chuyển dạ giả trước tuần thứ 37)
Top 2: O48 (thai quá ngày sinh)
Top 3: O47.1 (chuyển dạ giả trong hay sau tuần thứ 37)
Top 4: O30.2 (thai tư)
Top 5: P07.2 (trẻ cực non ( dưới 28 tuần hoặc dưới 196 ngày ))"
cắt bao quy đầu,"Top 1: Z41.2 (cắt bao quy đầu theo tập tục và thường quy)
Top 2: Z41.2 (cắt bao quy đầu theo tập tục và thường quy)
Top 3: N47 (bao quy đầu rộng , hẹp bao quy đầu và nghẹt bao quy đầu)
Top 4: N47 (bao quy đầu rộng , hẹp bao quy đầu và nghẹt bao quy đầu)
Top 5: N48.1 (viêm quy đầu - bao quy đầu)"
tăng huyết áp vô căn (nguyên phát),"Top 1: I10 (tăng huyết áp vô căn ( nguyên phát ))
Top 2: I10 (tăng huyết áp vô căn ( nguyên phát ))
Top 3: D47.3 (bệnh tăng tiểu cầu ( xuất huyết ) vô căn)
Top 4: O10.0 (tăng huyết áp vô căn ( nguyên phát ) có sẵn gây biến chứng cho thai kỳ , khi đẻ và sau khi đẻ)
Top 5: O10.0 (tăng huyết áp vô căn ( nguyên phát ) có sẵn gây biến chứng cho thai kỳ , khi đẻ và sau khi đẻ)"
chân phải dưới gối,"Top 1: Z89.5 (mất cẳng chân tại khớp gối hay dưới khớp gối mắc phải)
Top 2: Z89.5 (mất cẳng chân tại khớp gối hay dưới khớp gối mắc phải)
Top 3: Z89.4 (mất bàn chân và mắt cá chân mắc phải ( nhiều ) ngón chân)
Top 4: S80.0 (đụng giập tại đầu gối)
Top 5: M20.3 (các biến dạng ngón chân cái mắc phải khác)"
ngưng thở khi ngủ do tắc nghẽn,"Top 1: G47.3 (ngừng thở khi ngủ)
Top 2: G47.3 (ngừng thở khi ngủ)
Top 3: P28.3 (ngừng thở khi ngủ nguyên phát của trẻ sơ sinh)
Top 4: P28.3 (ngừng thở khi ngủ nguyên phát của trẻ sơ sinh)
Top 5: R07.1 (đau ngực khi thở)"
Đái tháo đường típ 1,"Top 1: E10 (bệnh đái tháo đường type 1)
Top 2: E10 (bệnh đái tháo đường type 1)
Top 3: O24.0 (đái tháo đường thai kỳ , đái tháo đường sẵn có , type 1)
Top 4: O24.0 (đái tháo đường thai kỳ , đái tháo đường sẵn có , type 1)
Top 5: E10.0 (bệnh đái tháo đường type 1 , có hôn mê)"
suy thận cấp,"Top 1: N17 (suy thận cấp)
Top 2: N17 (suy thận cấp)
Top 3: N17.8 (suy thận cấp khác)
Top 4: N17.8 (suy thận cấp khác)
Top 5: N17.1 (suy thận cấp có hoại tử cấp vỏ thận)"
hội chứng nghiện rượu,"Top 1: F12.2 (hội chứng nghiện cần sa)
Top 2: F12.2 (hội chứng nghiện cần sa)
Top 3: F10.2 (hội chứng nghiện rượu)
Top 4: F10.2 (hội chứng nghiện rượu)
Top 5: Z50.2 (phục hồi chức năng nghiện rượu)"
Rối loạn cảm xúc (trầm cảm),"Top 1: F25.1 (rối loạn phân liệt cảm xúc , loại trầm cảm)
Top 2: F06.6 (rối loạn cảm xúc dao động ( suy nhược ) thực tổn)
Top 3: F38 (rối loạn khí sắc ( cảm xúc ) khác)
Top 4: F38 (rối loạn khí sắc ( cảm xúc ) khác)
Top 5: F38.1 (rối loạn khí sắc ( cảm xúc ) tái diễn)"
"Nhồi máu cơ tim vùng vách liên thất, mạn tính và đỉnh","Top 1: I23.2 (biến chứng thủng vách liên thất sau nhồi máu cơ tim cấp)
Top 2: I23.2 (biến chứng thủng vách liên thất sau nhồi máu cơ tim cấp)
Top 3: I23.1 (biến chứng thủng vách liên nhĩ xảy ra sau nhồi máu cơ tim cấp)
Top 4: I21 (nhồi máu cơ tim cấp)
Top 5: I21 (nhồi máu cơ tim cấp)"
đặt 3 stent đường mật lưu dài hạn,"Top 1: K83.0 (viêm đường mật)
Top 2: K83.2 (thủng đường mật)
Top 3: K83.3 (rò đường mật)
Top 4: Q44.2 (teo đường mật)
Top 5: K83.5 (nang đường mật)"
gãy cổ xương đùi di lệch,"Top 1: S72.0 (gãy cổ xương đùi)
Top 2: S72.0 (gãy cổ xương đùi)
Top 3: S72.01 (gãy cổ xương đùi , gãy hở)
Top 4: T93.1 (di chứng gãy xương đùi)
Top 5: S72.00 (gãy cổ xương đùi , gãy kín)"
cơn co giật,"Top 1: P90 (cơn co giật của trẻ sơ sinh)
Top 2: P90 (cơn co giật của trẻ sơ sinh)
Top 3: F44.5 (co giật phân ly)
Top 4: O15 (sản giật)
Top 5: R56.0 (co giật do sốt)"
thoát vị cạnh thực quản,"Top 1: K43.4 (thoát vị cạnh lỗ mở thông có hoại tử)
Top 2: Q40.1 (thoát vị khe thực quản bẩm sinh)
Top 3: Q40.1 (thoát vị khe thực quản bẩm sinh)
Top 4: Q31.3 (thoát vị thanh quản)
Top 5: K43.5 (thoát vị cạnh lỗ mở thông không tắc hay hoại tử)"
nốt sần tuyến giáp phải có cấu trúc vi nang,"Top 1: E03.4 (teo tuyến giáp ( mắc phải ))
Top 2: M11.11 (bệnh vôi hóa sụn có tính chất gia đình , vùng bả vai)
Top 3: L67.0 (tóc giòn có nốt)
Top 4: E20.8 (suy tuyến cận giáp khác)
Top 5: N28.1 (nang thận , mắc phải)"
Suy giảm miễn dịch,"Top 1: D81 (suy giảm miễn dịch kết hợp)
Top 2: D81 (suy giảm miễn dịch kết hợp)
Top 3: D84 (các suy giảm miễn dịch khác)
Top 4: Z71.7 (tư vấn về virus suy giảm miễn dịch người ( hiv ))
Top 5: D81.8 (suy giảm miễn dịch kết hợp khác)"
rối loạn chức năng tâm thất phải,"Top 1: E29 (rối loạn chức năng tinh hoàn)
Top 2: H83.2 (rối loạn chức năng mê nhĩ)
Top 3: E28 (rối loạn chức năng buồng trứng)
Top 4: F48.8 (rối loạn tâm căn biệt định khác)
Top 5: H81 (rối loạn chức năng tiền đình)"
nhiễm trùng huyết,"Top 1: B37.7 (nhiễm trùng huyết do candida)
Top 2: A22.7 (bệnh than thể nhiễm khuẩn huyết)
Top 3: A20.7 (dịch hạch thể nhiễm trùng huyết)
Top 4: A41 (nhiễm khuẩn huyết khác)
Top 5: A42.7 (nhiễm trùng huyết do nhiễm nấm actinomyces)"
xuất huyết dưới nhện,"Top 1: I60 (xuất huyết dưới nhện)
Top 2: I60 (xuất huyết dưới nhện)
Top 3: I69.0 (di chứng xuất huyết dưới nhện)
Top 4: I60.8 (xuất huyết dưới nhện khác)
Top 5: I60.8 (xuất huyết dưới nhện khác)"
giai đoạn trầm cảm không đặc hiệu,"Top 1: F32.9 (giai đoạn trầm cảm không đặc hiệu)
Top 2: F32.9 (giai đoạn trầm cảm không đặc hiệu)
Top 3: F32 (giai đoạn trầm cảm)
Top 4: F30.9 (giai đoạn hưng cảm không đặc hiệu)
Top 5: F32.8 (giai đoạn trầm cảm khác)"
dị ứng theo mùa,"Top 1: J30.2 (viêm mũi dị ứng theo mùa khác)
Top 2: J30.2 (viêm mũi dị ứng theo mùa khác)
Top 3: L50.0 (mày đay dị ứng)
Top 4: J45.0 (hen chủ yếu do dị ứng)
Top 5: J10 (cảm cúm do virus cúm mùa đặc hiệu khác)"
Tăng áp động mạch phổi,"Top 1: I27.0 (tăng áp động mạch phổi nguyên phát)
Top 2: I27.0 (tăng áp động mạch phổi nguyên phát)
Top 3: I27.2 (tăng áp động mạch phổi thứ phát khác)
Top 4: I27.2 (tăng áp động mạch phổi thứ phát khác)
Top 5: J85.1 (áp xe phổi có viêm phổi)"
hưng cảm,"Top 1: F30 (giai đoạn hưng cảm)
Top 2: F30 (giai đoạn hưng cảm)
Top 3: F30.8 (giai đoạn hưng cảm khác)
Top 4: F30.0 (hưng cảm nhẹ)
Top 5: F30.9 (giai đoạn hưng cảm không đặc hiệu)"
Bệnh thận đa nang,"Top 1: Q61.3 (thận đa nang không đặc hiệu)
Top 2: Q61 (các bệnh nang thận)
Top 3: Q61 (các bệnh nang thận)
Top 4: Q61.3 (thận đa nang không đặc hiệu)
Top 5: Q61.2 (bệnh thận đa nang , di truyền trội trên nhiễm sắc thể thường)"
Bắc cầu nối chủ vành,"Top 1: U85 (kháng các thuốc kháng ung thư)
Top 2: Z95.1 (còn mảnh ghép nối thông động mạch chủ - vành ( bypass ))
Top 3: U84.9 (kháng các thuốc kháng vi sinh vật không xác định)
Top 4: I44 (blốc nhĩ thất và nhánh trái)
Top 5: U84.8 (kháng thuốc kháng vi sinh vật xác định khác)"
ung thư đường mật,"Top 1: C22.1 (ung thư biểu mô đường mật trong gan)
Top 2: C22.1 (ung thư biểu mô đường mật trong gan)
Top 3: K83.2 (thủng đường mật)
Top 4: C24.0 (u ác của đường mật ngoài gan)
Top 5: Q44.2 (teo đường mật)"
sp CABG,"Top 1: U85 (kháng các thuốc kháng ung thư)
Top 2: L12.1 (pemphigoid sẹo)
Top 3: U84.9 (kháng các thuốc kháng vi sinh vật không xác định)
Top 4: K76.4 (bệnh ứ máu xoang gan)
Top 5: U84.8 (kháng thuốc kháng vi sinh vật xác định khác)"
thiếu máu cơ tim cục bộ,"Top 1: I25.5 (bệnh cơ tim do thiếu máu cục bộ)
Top 2: I25.5 (bệnh cơ tim do thiếu máu cục bộ)
Top 3: I25 (bệnh tim thiếu máu cục bộ mạn)
Top 4: I25 (bệnh tim thiếu máu cục bộ mạn)
Top 5: M62.2 (nhồi máu cơ do thiếu máu cục bộ)"
Di căn não vùng trán phải,"Top 1: Q01.1 (thoát vị não qua vùng mũi trán)
Top 2: Q01.1 (thoát vị não qua vùng mũi trán)
Top 3: J01.1 (viêm xoang trán cấp)
Top 4: Q01.0 (thoát vị não thùy trán)
Top 5: C31.2 (u ác của xoang trán)"
hen suyễn,"Top 1: J45 (hen suyễn)
Top 2: J45 (hen suyễn)
Top 3: C41.0 (u ác của xương sọ và xương mặt)
Top 4: J46 (cơn hen ác tính)
Top 5: U09 (tình trạng bệnh lý sau điều trị covid - 19)"
liệt hai chân,"Top 1: G82 (liệt hai chân và liệt tứ chi)
Top 2: G11.4 (liệt cứng hai chân di truyền)
Top 3: G11.4 (liệt cứng hai chân di truyền)
Top 4: G82 (liệt hai chân và liệt tứ chi)
Top 5: G83.0 (liệt hai chi trên)"
stent,"Top 1: U85 (kháng các thuốc kháng ung thư)
Top 2: I87.1 (chèn ép tĩnh mạch)
Top 3: U84.9 (kháng các thuốc kháng vi sinh vật không xác định)
Top 4: H72.2 (thủng rìa màng nhĩ khác thủng màng nhĩ sát xương khác)
Top 5: U84.8 (kháng thuốc kháng vi sinh vật xác định khác)"
vết thương thấu bụng giữa bên phải,"Top 1: S21 (vết thương thấu ngực)
Top 2: S31.1 (vết thương hở của thành bụng)
Top 3: S81.0 (vết thương thấu khớp gối)
Top 4: S21 (vết thương thấu ngực)
Top 5: S05.5 (vết thương thấu nhãn cầu có dị vật nội nhãn)"
não úng tuỷ,"Top 1: Q03 (não úng thủy bẩm sinh)
Top 2: G91 (não úng thủy)
Top 3: G91.0 (não úng thủy thể thông)
Top 4: G91.8 (não úng thủy khác)
Top 5: G91.1 (não úng thủy thể tắc nghẽn)"
viêm phổi kẽ,"Top 1: B22.1 (viêm phổi mô kẽ lympho bào do hiv)
Top 2: J84 (bệnh phổi mô kẽ khác)
Top 3: J84 (bệnh phổi mô kẽ khác)
Top 4: R09.1 (viêm màng phổi)
Top 5: L30.4 (viêm kẽ)"
sỏi ống dẫn mật chung đoạn cuối,"Top 1: K80.3 (sỏi ống mật có viêm đường mật)
Top 2: K80.3 (sỏi ống mật có viêm đường mật)
Top 3: K80 (sỏi mật)
Top 4: K80.4 (sỏi đường mật có viêm túi mật)
Top 5: K80.8 (sỏi mật khác)"
Creatinine tăng,"Top 1: R46.3 (tăng động)
Top 2: E67.1 (tăng caroten máu)
Top 3: R20.3 (tăng cảm giác)
Top 4: E07.0 (tăng tiết calcitonin)
Top 5: E87.0 (tăng áp suất thẩm thấu và tăng natri máu)"
nhiễm trùng đường hô hấp trên cấp,"Top 1: J06.9 (nhiễm trùng đường hô hấp trên cấp , không xác định)
Top 2: J06.9 (nhiễm trùng đường hô hấp trên cấp , không xác định)
Top 3: J06.8 (các nhiễm trùng đường hô hấp trên cấp khác ở nhiều vị trí)
Top 4: J06.8 (các nhiễm trùng đường hô hấp trên cấp khác ở nhiều vị trí)
Top 5: J06 (nhiễm trùng đường hô hấp trên cấp ở nhiều và không xác định vị trí)"
Giả gout,"Top 1: O47 (chuyển dạ giả)
Top 2: M10.2 (bệnh gút do thuốc)
Top 3: Z76.5 (giả bệnh ( đóng giả có ý thức ))
Top 4: M10.0 (bệnh gút tiên phát)
Top 5: L66.0 (giả rụng tóc pelade)"
Bệnh bạch cầu dòng tủy mãn tính,"Top 1: C92.0 (bệnh bạch cầu cấp dòng tủy)
Top 2: C92.0 (bệnh bạch cầu cấp dòng tủy)
Top 3: C92.7 (bệnh bạch cầu dòng tủy khác)
Top 4: D47.1 (bệnh bạch cầu tăng sinh tủy mạn tính)
Top 5: C92.5 (bệnh bạch cầu cấp dòng tủy mono)"
bệnh tim mạch do xơ vữa động mạch,"Top 1: I25.1 (bệnh tim mạch do xơ vữa động mạch)
Top 2: I25.1 (bệnh tim mạch do xơ vữa động mạch)
Top 3: I25.0 (bệnh tim mạch do xơ vữa động mạch vành)
Top 4: I25.0 (bệnh tim mạch do xơ vữa động mạch vành)
Top 5: I70 (xơ vữa động mạch)"
Hội chứng kháng enzym tổng hợp protein,"Top 1: R74 (bất thường nồng độ enzym huyết thanh)
Top 2: D89.3 (hội chứng tái tạo miễn dịch)
Top 3: U85 (kháng các thuốc kháng ung thư)
Top 4: C88 (bệnh tăng sinh miễn dịch ác tính)
Top 5: U84.7 (kháng đa thuốc kháng vi sinh vật)"
Suy tim dãn tâm thu,"Top 1: I49.3 (ngoại tâm thu thất)
Top 2: I50.0 (suy tim sung huyết)
Top 3: I49.1 (ngoại tâm thu nhĩ)
Top 4: P25.3 (tràn khí màng tim chu sinh)
Top 5: I50 (suy tim)"
phẫu thuật bắc cầu nối động mạch vành,"Top 1: I25.4 (phình động mạch vành)
Top 2: J95.3 (hở van động mạch phổi mạn tính sau phẫu thuật)
Top 3: I25.0 (bệnh tim mạch do xơ vữa động mạch vành)
Top 4: I25.4 (phình động mạch vành)
Top 5: T46.3 (ngộ độc thuốc giãn động mạch vành , không phân loại nơi khác)"
bất thường điện giải,"Top 1: P74.4 (rối loạn điện giải tạm thời khác của trẻ sơ sinh)
Top 2: R29.2 (phản xạ bất thường)
Top 3: T50.3 (ngộ độc thuốc cân bằng nước , điện giải và nhiệt lượng)
Top 4: E16.4 (tiết gastrin bất thường)
Top 5: E87 (rối loạn cân bằng nước , điện giải và thăng bằng kiềm toan)"
khối u thận,"Top 1: U85 (kháng các thuốc kháng ung thư)
Top 2: D30.0 (u lành của thận)
Top 3: U84.9 (kháng các thuốc kháng vi sinh vật không xác định)
Top 4: D30.1 (u lành của bể thận)
Top 5: U84.8 (kháng thuốc kháng vi sinh vật xác định khác)"
loét thực quản,"Top 1: K22.1 (loét thực quản)
Top 2: K22.1 (loét thực quản)
Top 3: K20 (viêm thực quản)
Top 4: K63.3 (loét ruột)
Top 5: K22.2 (tắc nghẽn thực quản)"
thoát vị hoành,"Top 1: K44 (thoát vị hoành)
Top 2: K44 (thoát vị hoành)
Top 3: Q79.0 (thoát vị hoành bẩm sinh)
Top 4: Q79.0 (thoát vị hoành bẩm sinh)
Top 5: K44.1 (thoát vị hoành có hoại tử)"
viêm phế quản,"Top 1: J20 (viêm phế quản cấp)
Top 2: J20 (viêm phế quản cấp)
Top 3: J21 (viêm tiểu phế quản cấp)
Top 4: J21 (viêm tiểu phế quản cấp)
Top 5: J20.6 (viêm phế quản cấp do rhinovirus)"
phẫu thuật cắt bao quy đầu,"Top 1: Z41.2 (cắt bao quy đầu theo tập tục và thường quy)
Top 2: Z41.2 (cắt bao quy đầu theo tập tục và thường quy)
Top 3: N47 (bao quy đầu rộng , hẹp bao quy đầu và nghẹt bao quy đầu)
Top 4: N47 (bao quy đầu rộng , hẹp bao quy đầu và nghẹt bao quy đầu)
Top 5: N48.1 (viêm quy đầu - bao quy đầu)"
tăng bilirubin máu,"Top 1: E22.1 (tăng prolactin máu)
Top 2: R17.0 (tăng bilirubin huyết có đề cập đến vàng da , không phân loại nơi khác)
Top 3: E87.5 (tăng kali máu)
Top 4: R17 (tăng bilirubin huyết , có hoặc không có vàng da , không phân loại nơi khác)
Top 5: E67.1 (tăng caroten máu)"
tăng Cr,"Top 1: R46.3 (tăng động)
Top 2: R46.3 (tăng động)
Top 3: R20.3 (tăng cảm giác)
Top 4: E67.1 (tăng caroten máu)
Top 5: E87.0 (tăng áp suất thẩm thấu và tăng natri máu)"
tăng cholesterol máu đơn thuần,"Top 1: E78.0 (tăng cholesterol máu đơn thuần)
Top 2: E78.0 (tăng cholesterol máu đơn thuần)
Top 3: E78.1 (tăng triglycerid máu đơn thuần)
Top 4: E78.1 (tăng triglycerid máu đơn thuần)
Top 5: E87.5 (tăng kali máu)"
viêm tủy xương mãn tính,"Top 1: M86 (viêm xương tủy)
Top 2: M86.3 (viêm xương tủy mạn tính nhiều ổ)
Top 3: M46.2 (viêm xương tủy thân đốt sống)
Top 4: M86.6 (viêm xương tủy mạn tính khác)
Top 5: M86.2 (viêm xương tủy bán cấp)"
phình động mạch chủ ngực – bụng,"Top 1: I71.5 (phình động mạch chủ ngực - bụng , vỡ)
Top 2: I71.5 (phình động mạch chủ ngực - bụng , vỡ)
Top 3: I71.6 (phình động mạch chủ ngực - bụng , không vỡ)
Top 4: I71.6 (phình động mạch chủ ngực - bụng , không vỡ)
Top 5: I71.3 (phình động mạch chủ bụng , vỡ)"
"bệnh phổi tắc nghẽn mạn tính, không xác định","Top 1: J44.8 (bệnh phổi tắc nghẽn mạn tính xác định khác)
Top 2: J44.9 (bệnh phổi tắc nghẽn mạn tính , không xác định)
Top 3: J44.9 (bệnh phổi tắc nghẽn mạn tính , không xác định)
Top 4: J44.1 (bệnh phổi tắc nghẽn mạn tính đợt cấp , không đặc hiệu)
Top 5: J44 (các bệnh phổi tắc nghẽn mạn tính khác)"
rung nhĩ điển hình,"Top 1: I48.3 (rung nhĩ điển hình)
Top 2: I48.3 (rung nhĩ điển hình)
Top 3: I48.1 (rung nhĩ dai dẳng)
Top 4: I48.2 (rung nhĩ mạn tính)
Top 5: I48.0 (rung nhĩ kịch phát)"
bệnh túi thừa của cả ruột non và đại tràng,"Top 1: K57.5 (bệnh túi thừa của cả ruột non và đại tràng , không thủng hay áp xe)
Top 2: K57.5 (bệnh túi thừa của cả ruột non và đại tràng , không thủng hay áp xe)
Top 3: K57.4 (bệnh túi thừa của ruột non và đại tràng , có thủng và áp xe)
Top 4: K57.4 (bệnh túi thừa của ruột non và đại tràng , có thủng và áp xe)
Top 5: K57.0 (bệnh túi thừa của ruột non , có thủng và áp xe)"
viêm tủy xương,"Top 1: M86 (viêm xương tủy)
Top 2: M86 (viêm xương tủy)
Top 3: M46.2 (viêm xương tủy thân đốt sống)
Top 4: M86.8 (các viêm xương tủy khác)
Top 5: M86.2 (viêm xương tủy bán cấp)"
"xuất huyết nội sọ không do chấn thương, không đặc hiệu","Top 1: I62.9 (xuất huyết nội sọ không do chấn thương , không đặc hiệu)
Top 2: I62.9 (xuất huyết nội sọ không do chấn thương , không đặc hiệu)
Top 3: I62 (xuất huyết nội sọ không do chấn thương khác)
Top 4: I62 (xuất huyết nội sọ không do chấn thương khác)
Top 5: I69.2 (di chứng xuất huyết nội sọ không do chấn thương khác)"
không sỏi thận,"Top 1: N20.0 (sỏi thận)
Top 2: Q60.2 (không có thận không đặc hiệu)
Top 3: N20.2 (sỏi thận và sỏi niệu quản)
Top 4: N20.0 (sỏi thận)
Top 5: N20 (sỏi thận và niệu quản)"
Đái tháo đường type II,"Top 1: E76.1 (nhiễm mucopolysaccharid , type ii)
Top 2: E11 (bệnh đái tháo đường type 2)
Top 3: E11 (bệnh đái tháo đường type 2)
Top 4: O24.1 (đái tháo đường thai kỳ , đái tháo đường sẵn có , type 2)
Top 5: E10 (bệnh đái tháo đường type 1)"
loét tì đè giai đoạn IV mãn tính,"Top 1: L89.3 (loét tì đè giai đoạn iv)
Top 2: L89 (loét tì đè ( do nằm hoặc đè ép ))
Top 3: L89.0 (loét tì đè giai đoạn i)
Top 4: N18.4 (bệnh thận mạn , giai đoạn 4)
Top 5: L89.1 (loét tì đè giai đoạn ii)"
RLL PNA,"Top 1: U85 (kháng các thuốc kháng ung thư)
Top 2: I48.3 (rung nhĩ điển hình)
Top 3: U84.9 (kháng các thuốc kháng vi sinh vật không xác định)
Top 4: L93.2 (lupus ban đỏ khu trú khác)
Top 5: U84.8 (kháng thuốc kháng vi sinh vật xác định khác)"
tổn thương chi dưới,"Top 1: T93 (di chứng tổn thương chi dưới)
Top 2: T93 (di chứng tổn thương chi dưới)
Top 3: T93.4 (di chứng tổn thương dây thần kinh chi dưới)
Top 4: T92 (di chứng tổn thương chi trên)
Top 5: T93.9 (di chứng tổn thương không xác định của chi dưới)"
áp xe,"Top 1: K61.0 (áp xe hậu môn)
Top 2: N34.0 (áp xe niệu đạo)
Top 3: K63.0 (áp xe ruột)
Top 4: H60.0 (áp xe tai ngoài)
Top 5: N76.4 (áp xe âm hộ)"
rối loạn đông máu,"Top 1: D68.8 (rối loạn đông máu đặc hiệu khác)
Top 2: D68.8 (rối loạn đông máu đặc hiệu khác)
Top 3: D68.9 (rối loạn đông máu không đặc hiệu)
Top 4: D68.9 (rối loạn đông máu không đặc hiệu)
Top 5: P61.6 (rối loạn đông máu khác thoáng qua của sơ sinh)"
viêm dạ dày ruột do virus,"Top 1: A08.2 (viêm ruột do virus adeno)
Top 2: A08.3 (viêm ruột do virus khác)
Top 3: A08.3 (viêm ruột do virus khác)
Top 4: A08.0 (viêm ruột do virus rota)
Top 5: A08.0 (viêm ruột do virus rota)"
Suy thận mạn giai đoạn V,"Top 1: N18 (suy thận mạn)
Top 2: N18.5 (bệnh thận mạn , giai đoạn 5)
Top 3: N18.3 (bệnh thận mạn , giai đoạn 3)
Top 4: N18.4 (bệnh thận mạn , giai đoạn 4)
Top 5: N18.2 (bệnh thận mạn , giai đoạn 2)"
ung thư đại tràng,"Top 1: D01.0 (ung thư biểu mô tại chỗ của đại tràng)
Top 2: D01.0 (ung thư biểu mô tại chỗ của đại tràng)
Top 3: D01.1 (ung thư biểu mô tại chỗ của đoạn nối trực tràng - đại tràng sigma)
Top 4: D00.2 (ung thư tại chỗ của dạ dày)
Top 5: S36.5 (tổn thương đại tràng)"
ngừng thở khi ngủ,"Top 1: G47.3 (ngừng thở khi ngủ)
Top 2: G47.3 (ngừng thở khi ngủ)
Top 3: P28.3 (ngừng thở khi ngủ nguyên phát của trẻ sơ sinh)
Top 4: R09.2 (ngừng thở)
Top 5: R09.2 (ngừng thở)"
viêm túi mật,"Top 1: K81 (viêm túi mật)
Top 2: K81 (viêm túi mật)
Top 3: K80.2 (sỏi túi mật không có viêm túi mật)
Top 4: K81.0 (viêm túi mật cấp)
Top 5: K80.1 (sỏi túi mật có viêm túi mật khác)"
Bệnh tim mạch do xơ vữa động mạch,"Top 1: I25.1 (bệnh tim mạch do xơ vữa động mạch)
Top 2: I25.1 (bệnh tim mạch do xơ vữa động mạch)
Top 3: I25.0 (bệnh tim mạch do xơ vữa động mạch vành)
Top 4: I25.0 (bệnh tim mạch do xơ vữa động mạch vành)
Top 5: I70 (xơ vữa động mạch)"
phẫu thuật cắt cụt chân trái trên gối,"Top 1: T92.6 (di chứng tổn thương giập nát và chấn thương cắt cụt chi trên)
Top 2: S83.1 (trật khớp gối)
Top 3: Q26.1 (còn tĩnh mạch chủ trên trái)
Top 4: S33.2 (trật khớp cùng chậu và cùng cụt)
Top 5: T87 (các biến chứng đặc biệt do nối lại và cắt cụt)"
tăng men gan,"Top 1: R74.0 (tăng mức men transaminase và men acid lactic dehydrogenase ( ldh ))
Top 2: E16.3 (tăng tiết glucagon)
Top 3: O14.2 (hội chứng hellp ( sự kết hợp của tan máu , tăng men gan và giảm tiểu cầu ))
Top 4: R74.0 (tăng mức men transaminase và men acid lactic dehydrogenase ( ldh ))
Top 5: K02.0 (sâu men răng)"
nang màng nhện,"Top 1: E84 (xơ nang)
Top 2: I60 (xuất huyết dưới nhện)
Top 3: K04.8 (nang chân răng)
Top 4: H73.1 (viêm màng nhĩ mạn)
Top 5: K86.3 (nang giả tụy)"
bệnh mạch máu ngoại biên,"Top 1: I73 (bệnh mạch máu ngoại biên)
Top 2: I73 (bệnh mạch máu ngoại biên)
Top 3: I73.8 (bệnh mạch máu ngoại biên xác định khác)
Top 4: I73.8 (bệnh mạch máu ngoại biên xác định khác)
Top 5: I73.9 (bệnh mạch máu ngoại biên , không đặc hiệu)"
hội chứng não gan,"Top 1: K76.7 (hội chứng gan - thận)
Top 2: K76.7 (hội chứng gan - thận)
Top 3: F07.1 (hội chứng sau viêm não)
Top 4: E24.1 (hội chứng nelson)
Top 5: G21.3 (hội chứng parkinson sau viêm não)"
Thuyên tắc tĩnh mạch sâu chi dưới,"Top 1: I80.2 (viêm tĩnh mạch và viêm tắc tĩnh mạch của các tĩnh mạch sâu khác ở chi dưới)
Top 2: I74.3 (thuyên tắc và huyết khối động mạch chi dưới)
Top 3: O87.1 (viêm tắc tĩnh mạch sâu sau đẻ)
Top 4: I83 (giãn tĩnh mạch chi dưới)
Top 5: I74.3 (thuyên tắc và huyết khối động mạch chi dưới)"
đợt cấp hen suyễn,"Top 1: J45 (hen suyễn)
Top 2: J45 (hen suyễn)
Top 3: J44.0 (bệnh phổi tắc nghẽn mạn tính đợt cấp do bội nhiễm)
Top 4: J44.0 (bệnh phổi tắc nghẽn mạn tính đợt cấp do bội nhiễm)
Top 5: J44.1 (bệnh phổi tắc nghẽn mạn tính đợt cấp , không đặc hiệu)"
bệnh ba thân động mạch vành nghiêm trọng,"Top 1: T21.3 (bỏng tại thân độ ba)
Top 2: I08.2 (bệnh cả van động mạch chủ và van ba lá)
Top 3: T21.7 (ăn mòn tại thân mình độ ba)
Top 4: Q22 (các dị tật bẩm sinh của van ba lá và động mạch phổi)
Top 5: I25.4 (phình động mạch vành)"
áp xe/viêm khớp nhiễm trùng,"Top 1: J85.1 (áp xe phổi có viêm phổi)
Top 2: J85.1 (áp xe phổi có viêm phổi)
Top 3: K63.0 (áp xe ruột)
Top 4: M25.4 (tràn dịch khớp)
Top 5: K61.1 (áp xe trực tràng)"
Bệnh túi thừa,"Top 1: Q39.6 (túi thừa thực quản)
Top 2: K57 (bệnh túi thừa của ruột)
Top 3: Q43.0 (túi thừa meckel)
Top 4: K22.5 (túi thừa thực quản , mắc phải)
Top 5: N36.1 (túi thừa niệu đạo)"
không nhiễm khuẩn đường tiết niệu,"Top 1: P39.3 (nhiễm khuẩn đường tiết niệu trẻ sơ sinh)
Top 2: P39.3 (nhiễm khuẩn đường tiết niệu trẻ sơ sinh)
Top 3: O86.2 (nhiễm khuẩn đường tiết niệu sau đẻ)
Top 4: O23.4 (nhiễm khuẩn đường tiết niệu không xác định trong khi có thai)
Top 5: N39.0 (nhiễm khuẩn đường tiết niệu , vị trí không xác định)"
Nhiễm trùng đường tiết niệu,"Top 1: N21 (sỏi đường tiết niệu dưới)
Top 2: P39.3 (nhiễm khuẩn đường tiết niệu trẻ sơ sinh)
Top 3: P39.3 (nhiễm khuẩn đường tiết niệu trẻ sơ sinh)
Top 4: O86.2 (nhiễm khuẩn đường tiết niệu sau đẻ)
Top 5: N21.8 (sỏi đường tiết niệu dưới khác)"
hạ huyết áp,"Top 1: I95.8 (hạ huyết áp khác)
Top 2: I95.8 (hạ huyết áp khác)
Top 3: I95.1 (hạ huyết áp thế đứng)
Top 4: I95 (huyết áp thấp ( hạ huyết áp ))
Top 5: I95.2 (hạ huyết áp do thuốc)"
Lạm dụng chất kích thích,"Top 1: T43.6 (ngộ độc thuốc kích thích tâm thần có khả năng lạm dụng thuốc)
Top 2: F11.1 (sử dụng gây hại các chất dạng thuốc phiện)
Top 3: Z86.4 (tiền sử bản thân có lạm dụng chất kích thần)
Top 4: T47.2 (ngộ độc thuốc kích thích nhuận tràng)
Top 5: Z81.4 (tiền sử gia đình có lạm dụng các chất khác)"
Loét loét thực quản,"Top 1: K22.1 (loét thực quản)
Top 2: K22.1 (loét thực quản)
Top 3: N76.6 (loét âm hộ)
Top 4: K22.2 (tắc nghẽn thực quản)
Top 5: K63.3 (loét ruột)"
viêm tuỷ xương,"Top 1: H70.2 (viêm xương đá)
Top 2: M86 (viêm xương tủy)
Top 3: M86 (viêm xương tủy)
Top 4: M42 (viêm xương sụn cột sống)
Top 5: M42 (viêm xương sụn cột sống)"
tụ dịch/tụ máu dưới màng cứng mạn tính,"Top 1: O90.2 (tụ máu vết mổ sản khoa)
Top 2: S06.5 (xuất huyết dưới màng cứng)
Top 3: P12.0 (máu tụ dưới da đầu do chấn thương khi sinh)
Top 4: I09.2 (viêm màng ngoài tim do thấp mạn tính)
Top 5: O71.7 (máu tụ vùng chậu do sản khoa)"
Bệnh phổi kẽ,"Top 1: J84 (bệnh phổi mô kẽ khác)
Top 2: J84 (bệnh phổi mô kẽ khác)
Top 3: J84.8 (bệnh phổi mô kẽ xác định khác)
Top 4: J84.9 (bệnh phổi mô kẽ , không phân loại)
Top 5: J84.1 (bệnh phổi mô kẽ khác có xơ)"
Rung nhĩ,"Top 1: I48.3 (rung nhĩ điển hình)
Top 2: H74.0 (xơ nhĩ)
Top 3: I48.1 (rung nhĩ dai dẳng)
Top 4: Q21.1 (thông liên nhĩ)
Top 5: I48.0 (rung nhĩ kịch phát)"
nốt tuyến giáp thùy trái,"Top 1: Q24.1 (tim bên trái)
Top 2: Q01.0 (thoát vị não thùy trán)
Top 3: I50.1 (suy thất trái)
Top 4: E03.4 (teo tuyến giáp ( mắc phải ))
Top 5: C71.2 (u ác của thùy thái dương)"
phẫu thuật cắt bỏ khối u thần kinh nội tiết ở thân tụy,"Top 1: C25.1 (u ác của thân tụy)
Top 2: C25.4 (u ác của tụy nội tiết)
Top 3: I97.2 (hội chứng phù mạch bạch huyết sau cắt bỏ tuyến vú)
Top 4: D13.7 (u lành của tụy nội tiết)
Top 5: Z12.8 (khám sàng lọc chuyên khoa khối u ở vị trí khác)"
tách thành động mạch chủ,"Top 1: I71 (phình và tách thành động mạch chủ)
Top 2: I71.0 (tách thành động mạch chủ ( bất kỳ đoạn nào ))
Top 3: I71.0 (tách thành động mạch chủ ( bất kỳ đoạn nào ))
Top 4: I71 (phình và tách thành động mạch chủ)
Top 5: I67.0 (tách thành động mạch não , không vỡ)"
tai biến mạch máu não,"Top 1: Z82.3 (tiền sử gia đình có tai biến mạch máu não)
Top 2: I63.3 (nhồi máu não do huyết khối động mạch não)
Top 3: I69 (di chứng bệnh mạch máu não)
Top 4: I63.4 (nhồi máu não do thuyên tắc động mạch não)
Top 5: I67 (bệnh mạch máu não khác)"
phình động mạch chủ nhỏ,"Top 1: I71.1 (phình động mạch chủ ngực , vỡ)
Top 2: I35.0 (hẹp ( van ) động mạch chủ)
Top 3: I71 (phình và tách thành động mạch chủ)
Top 4: Q25.3 (hẹp động mạch chủ)
Top 5: I71.3 (phình động mạch chủ bụng , vỡ)"
chất gây nghiện opioid,"Top 1: F55 (lạm dụng các chất không gây nghiện)
Top 2: Y50.1 (thuốc gây tác dụng không mong muốn ( adr ) trong điều trị , chất đối kháng thụ cảm opioid)
Top 3: R78.4 (phát hiện các chất khác có khả năng gây nghiện trong máu)
Top 4: T40.0 (ngộ độc opium ( thuốc phiện ))
Top 5: T40.4 (ngộ độc thuốc gây nghiện tổng hợp khác)"
sp TLH,"Top 1: U85 (kháng các thuốc kháng ung thư)
Top 2: D76.1 (hội chứng thực bào máu ( hlh ))
Top 3: U84.9 (kháng các thuốc kháng vi sinh vật không xác định)
Top 4: D73.3 (áp xe lách)
Top 5: U84.8 (kháng thuốc kháng vi sinh vật xác định khác)"
nốt tuyến giáp trái,"Top 1: Q24.1 (tim bên trái)
Top 2: E03.4 (teo tuyến giáp ( mắc phải ))
Top 3: I50.1 (suy thất trái)
Top 4: D34 (u lành của tuyến giáp)
Top 5: I44.4 (blốc nhánh trước trái)"
cml,"Top 1: C92.1 (bệnh bạch cầu mạn dòng tủy ( cml ) , bcr , abl - dương tính)
Top 2: C92.1 (bệnh bạch cầu mạn dòng tủy ( cml ) , bcr , abl - dương tính)
Top 3: C41.0 (u ác của xương sọ và xương mặt)
Top 4: L50.5 (mày đay do cholin)
Top 5: U09 (tình trạng bệnh lý sau điều trị covid - 19)"
Zona,"Top 1: B02.3 (bệnh mắt do zona)
Top 2: B68.1 (bệnh sán dây taenia saginata)
Top 3: G53.0* (đau thần kinh sau zona ( b02 . 2 † ))
Top 4: S42.00 (gãy xương đòn , gãy kín)
Top 5: U09 (tình trạng bệnh lý sau điều trị covid - 19)"
viêm gan do men,"Top 1: K70.1 (viêm gan do rượu)
Top 2: K70.1 (viêm gan do rượu)
Top 3: D55 (thiếu máu do rối loạn men)
Top 4: K75 (bệnh viêm gan khác)
Top 5: B15.0 (viêm gan a có hôn mê gan)"
đào thải kháng thể hữu hình cấp tính,"Top 1: Z60.4 (loại trừ và đào thải xã hội)
Top 2: G04.0 (viêm não rải rác cấp tính)
Top 3: R76.0 (tăng chuẩn độ kháng thể)
Top 4: B15 (bệnh viêm gan virus a cấp tính)
Top 5: D80 (thiếu hụt miễn dịch chủ yếu do bất thường kháng thể)"
viêm xương tủy,"Top 1: M86 (viêm xương tủy)
Top 2: M86 (viêm xương tủy)
Top 3: M46.2 (viêm xương tủy thân đốt sống)
Top 4: M86.8 (các viêm xương tủy khác)
Top 5: M86.2 (viêm xương tủy bán cấp)"
Ung thư vú di căn,"Top 1: D05 (ung thư biểu mô tại chỗ của vú)
Top 2: D05 (ung thư biểu mô tại chỗ của vú)
Top 3: D05.1 (ung thư biểu mô ống tuyến vú tại chỗ)
Top 4: N61 (viêm vú)
Top 5: D05.7 (ung thư biểu mô ống tuyến khác tại chỗ của vú)"
bệnh lý chất trắng,"Top 1: A81.2 (bệnh lý não chất trắng đa ổ tiến triển)
Top 2: I67.3 (bệnh lý chất trắng não do nguyên nhân mạch máu)
Top 3: I67.3 (bệnh lý chất trắng não do nguyên nhân mạch máu)
Top 4: A81.2 (bệnh lý não chất trắng đa ổ tiến triển)
Top 5: P91.2 (nhũn chất trắng não sơ sinh)"
Tăng lipid máu,"Top 1: E78.2 (tăng lipid máu hỗn hợp)
Top 2: E78.4 (tăng lipid máu khác)
Top 3: E78.4 (tăng lipid máu khác)
Top 4: E78.2 (tăng lipid máu hỗn hợp)
Top 5: E78.5 (tăng lipid máu , không đặc hiệu)"
viêm phổi thuỳ,"Top 1: J85.1 (áp xe phổi có viêm phổi)
Top 2: J85.1 (áp xe phổi có viêm phổi)
Top 3: R09.1 (viêm màng phổi)
Top 4: R09.1 (viêm màng phổi)
Top 5: P23 (viêm phổi bẩm sinh)"
Ung thư biểu mô tuyến đại tràng,"Top 1: D01.0 (ung thư biểu mô tại chỗ của đại tràng)
Top 2: D01.0 (ung thư biểu mô tại chỗ của đại tràng)
Top 3: D05.1 (ung thư biểu mô ống tuyến vú tại chỗ)
Top 4: D01.2 (ung thư biểu mô tại chỗ của trực tràng)
Top 5: D07.5 (ung thư biểu mô tại chỗ của tuyến tiền liệt)"
Đa u tủy xương,"Top 1: C90.0 (đa u tủy xương)
Top 2: C90.0 (đa u tủy xương)
Top 3: M82.0* (loãng xương trong bệnh đa u tủy xương ( c90 . 0 † ))
Top 4: M86 (viêm xương tủy)
Top 5: C79.5 (u ác thứ phát của xương và tủy xương)"
rối loạn cân bằng kiềm toan phối hợp,"Top 1: E87.4 (rối loạn cân bằng kiềm toan phối hợp)
Top 2: E87.4 (rối loạn cân bằng kiềm toan phối hợp)
Top 3: E87 (rối loạn cân bằng nước , điện giải và thăng bằng kiềm toan)
Top 4: E87 (rối loạn cân bằng nước , điện giải và thăng bằng kiềm toan)
Top 5: E87.3 (nhiễm kiềm)"
Suy tim không do thiếu máu cơ tim,"Top 1: I25.6 (thiếu máu cơ tim thầm lặng)
Top 2: I25.5 (bệnh cơ tim do thiếu máu cục bộ)
Top 3: I25.5 (bệnh cơ tim do thiếu máu cục bộ)
Top 4: I24.9 (bệnh tim do thiếu máu cục bộ cấp , không đặc hiệu)
Top 5: I50 (suy tim)"
theo dõi đại tràng giãn,"Top 1: Z74.3 (nhu cầu theo dõi liên tục)
Top 2: Z43.3 (chăm sóc lỗ mở thông đại tràng)
Top 3: Z34 (theo dõi thai bình thường)
Top 4: I86.4 (giãn tĩnh mạch dạ dày)
Top 5: Z34.8 (theo dõi thai bình thường khác)"
đáp ứng thất nhanh,"Top 1: R65 (hội chứng đáp ứng viêm hệ thống)
Top 2: I47.2 (nhịp nhanh thất)
Top 3: F52.2 (thất bại trong đáp ứng tình dục)
Top 4: I47.1 (nhịp nhanh kịch phát trên thất)
Top 5: R65.9 (hội chứng đáp ứng viêm hệ thống , không đặc hiệu)"
suy hô hấp,"Top 1: J96.1 (suy hô hấp mạn)
Top 2: J96.0 (suy hô hấp cấp)
Top 3: J96.0 (suy hô hấp cấp)
Top 4: J96.1 (suy hô hấp mạn)
Top 5: J80 (hội chứng suy hô hấp tiến triển)"
bệnh lý BK,"Top 1: F63.2 (trộm cắp bệnh lý)
Top 2: O43 (bệnh lý bánh rau)
Top 3: F63.0 (đánh bạc bệnh lý)
Top 4: N75 (bệnh của tuyến bartholin)
Top 5: D73 (bệnh lý lách)"
viêm họng do liên cầu,"Top 1: J02.0 (viêm họng do liên cầu)
Top 2: J02.0 (viêm họng do liên cầu)
Top 3: G00.2 (viêm màng não do liên cầu)
Top 4: A40 (nhiễm khuẩn huyết do liên cầu)
Top 5: A40 (nhiễm khuẩn huyết do liên cầu)"
"bệnh thận mạn, không đặc hiệu","Top 1: N18.9 (bệnh thận mạn , không đặc hiệu)
Top 2: N18.9 (bệnh thận mạn , không đặc hiệu)
Top 3: N18 (suy thận mạn)
Top 4: N00.9 (hội chứng viêm thận cấp , không đặc hiệu)
Top 5: N18.3 (bệnh thận mạn , giai đoạn 3)"
ung thư vú,"Top 1: D05 (ung thư biểu mô tại chỗ của vú)
Top 2: D05 (ung thư biểu mô tại chỗ của vú)
Top 3: D05.1 (ung thư biểu mô ống tuyến vú tại chỗ)
Top 4: D05.1 (ung thư biểu mô ống tuyến vú tại chỗ)
Top 5: D05.7 (ung thư biểu mô ống tuyến khác tại chỗ của vú)"
bóc tách động mạch chủ loại B,"Top 1: I71 (phình và tách thành động mạch chủ)
Top 2: I71.0 (tách thành động mạch chủ ( bất kỳ đoạn nào ))
Top 3: M93.2 (viêm xương sụn bóc tách)
Top 4: I71 (phình và tách thành động mạch chủ)
Top 5: I71.0 (tách thành động mạch chủ ( bất kỳ đoạn nào ))"
khối khối u,"Top 1: N63 (khối u không xác định ở vú)
Top 2: N63 (khối u không xác định ở vú)
Top 3: E88.3 (hội chứng ly giải khối u)
Top 4: E88.3 (hội chứng ly giải khối u)
Top 5: H43.0 (vỡ khối dịch kính)"
ung thư vú trái giai IIIB,"Top 1: D05 (ung thư biểu mô tại chỗ của vú)
Top 2: D05 (ung thư biểu mô tại chỗ của vú)
Top 3: D05.1 (ung thư biểu mô ống tuyến vú tại chỗ)
Top 4: D05.1 (ung thư biểu mô ống tuyến vú tại chỗ)
Top 5: C82.4 (u lympho thể nang độ iiib)"
thiếu máu hồng cầu nhỏ,"Top 1: D64.0 (thiếu máu nguyên hồng cầu sắt di truyền)
Top 2: D64.0 (thiếu máu nguyên hồng cầu sắt di truyền)
Top 3: D64.3 (các thiếu máu nguyên hồng cầu sắt khác)
Top 4: D64.3 (các thiếu máu nguyên hồng cầu sắt khác)
Top 5: D64.4 (thiếu máu rối loạn sinh sản dòng hồng cầu bẩm sinh)"
liệt hai chi dưới,"Top 1: G82.0 (liệt mềm hai chi dưới)
Top 2: G82.1 (liệt cứng hai chi dưới)
Top 3: G82.1 (liệt cứng hai chi dưới)
Top 4: G83.0 (liệt hai chi trên)
Top 5: G82.2 (liệt hai chi dưới , không đặc hiệu)"
tràn dịch màng phổi trái tái phát,"Top 1: M12.4 (tràn dịch khớp hay tái phát)
Top 2: J91* (tràn dịch màng phổi trong bệnh phân loại nơi khác)
Top 3: M12.46 (tràn dịch khớp hay tái phát , cẳng chân)
Top 4: M12.42 (tràn dịch khớp hay tái phát , cánh tay)
Top 5: M12.43 (tràn dịch khớp hay tái phát , cẳng tay)"
nhồi máu cơ tim,"Top 1: I25.2 (nhồi máu cơ tim cũ)
Top 2: I21 (nhồi máu cơ tim cấp)
Top 3: I21 (nhồi máu cơ tim cấp)
Top 4: I25.2 (nhồi máu cơ tim cũ)
Top 5: I22 (nhồi máu cơ tim tiến triển)"
cắt cụt chân phải bên dưới gối,"Top 1: Z89.5 (mất cẳng chân tại khớp gối hay dưới khớp gối mắc phải)
Top 2: S33.2 (trật khớp cùng chậu và cùng cụt)
Top 3: T93.6 (di chứng tổn thương giập nát và chấn thương cắt cụt chi dưới)
Top 4: Q66.4 (bàn chân gót vẹo ra ngoài)
Top 5: M23 (tổn thương bên trong khớp gối)"
giãn phế quản,"Top 1: J47 (giãn phế quản)
Top 2: J47 (giãn phế quản)
Top 3: Q33.4 (giãn phế quản bẩm sinh)
Top 4: Q33.4 (giãn phế quản bẩm sinh)
Top 5: S27.4 (tổn thương phế quản)"
U lympho không hodgkin tế bàoB lớn lan toả,"Top 1: C83.3 (u lympho không hodgkin tế bào b lớn lan tỏa)
Top 2: C83.3 (u lympho không hodgkin tế bào b lớn lan tỏa)
Top 3: C81 (u lympho hodgkin)
Top 4: C83.0 (u lympho không hodgkin tế bào b nhỏ)
Top 5: C81.7 (u lympho hodgkin kinh điển khác)"
viêm túi mật cấp,"Top 1: K81.0 (viêm túi mật cấp)
Top 2: K81.0 (viêm túi mật cấp)
Top 3: K80.0 (sỏi túi mật có viêm túi mật cấp)
Top 4: K80.0 (sỏi túi mật có viêm túi mật cấp)
Top 5: K81 (viêm túi mật)"
Đái tháo đường típ 2,"Top 1: E11 (bệnh đái tháo đường type 2)
Top 2: E11 (bệnh đái tháo đường type 2)
Top 3: O24.1 (đái tháo đường thai kỳ , đái tháo đường sẵn có , type 2)
Top 4: O24.1 (đái tháo đường thai kỳ , đái tháo đường sẵn có , type 2)
Top 5: E11.0 (bệnh đái tháo đường type 2 , có hôn mê)"
cắt cụt nhiều ngón chân phải,"Top 1: Z89.4 (mất bàn chân và mắt cá chân mắc phải ( nhiều ) ngón chân)
Top 2: S63.2 (trật khớp nhiều ngón tay)
Top 3: M20 (biến dạng mắc phải của ngón tay và ngón chân)
Top 4: S93.1 (trật khớp ngón chân)
Top 5: M20.3 (các biến dạng ngón chân cái mắc phải khác)"
tăng kali máu,"Top 1: E87.5 (tăng kali máu)
Top 2: E87.5 (tăng kali máu)
Top 3: E87.6 (hạ kali máu)
Top 4: E87.6 (hạ kali máu)
Top 5: E67.1 (tăng caroten máu)"
u ác của tuyến tiền liệt,"Top 1: C61 (u ác của tuyến tiền liệt)
Top 2: C61 (u ác của tuyến tiền liệt)
Top 3: D29.1 (u lành của tuyến tiền liệt)
Top 4: C68.1 (u ác của tuyến cận niệu đạo)
Top 5: N42.0 (sỏi tuyến tiền liệt)"
tâm thần phân liệt,"Top 1: F20 (tâm thần phân liệt)
Top 2: F20 (tâm thần phân liệt)
Top 3: F20.4 (tâm thần phân liệt thể trầm cảm sau phân liệt)
Top 4: F20.8 (tâm thần phân liệt thể khác)
Top 5: F20.1 (tâm thần phân liệt thể thanh xuân)"
Cơn đau thắt ngực không ổn định,"Top 1: I20.0 (cơn đau thắt ngực không ổn định)
Top 2: I20.0 (cơn đau thắt ngực không ổn định)
Top 3: I20 (cơn đau thắt ngực)
Top 4: I20.9 (cơn đau thắt ngực , không đặc hiệu)
Top 5: I20.1 (cơn đau thắt ngực do co thắt mạch)"
bệnh lý thần kinh ngoại biên,"Top 1: C47.3 (u ác của thần kinh ngoại biên của lồng ngực)
Top 2: G64 (bệnh khác của hệ thần kinh ngoại vi)
Top 3: C47.4 (u ác của thần kinh ngoại biên của bụng)
Top 4: I73 (bệnh mạch máu ngoại biên)
Top 5: C47.5 (u ác của thần kinh ngoại biên của vùng chậu)"
não úng thủy,"Top 1: G91 (não úng thủy)
Top 2: G91 (não úng thủy)
Top 3: Q05.2 (nứt đốt sống thắt lưng với não úng thủy)
Top 4: G91.8 (não úng thủy khác)
Top 5: Q05.1 (nứt đốt sống ngực với não úng thủy)"
nhiễm khuẩn huyết do tụ cầu vàng nhạy cảm methicillin,"Top 1: A41.0 (nhiễm khuẩn huyết do tụ cầu vàng)
Top 2: A41.0 (nhiễm khuẩn huyết do tụ cầu vàng)
Top 3: P36.2 (nhiễm khuẩn huyết sơ sinh do tụ cầu vàng)
Top 4: P36.2 (nhiễm khuẩn huyết sơ sinh do tụ cầu vàng)
Top 5: A41.2 (nhiễm khuẩn huyết do tụ cầu không đặc hiệu)"
Enterococcus kháng vancomycin,"Top 1: U83.0 (kháng vancomycin)
Top 2: U83.0 (kháng vancomycin)
Top 3: U83.1 (kháng các kháng sinh thuộc họ vancomycin khác)
Top 4: U83.1 (kháng các kháng sinh thuộc họ vancomycin khác)
Top 5: U85 (kháng các thuốc kháng ung thư)"
loét,"Top 1: N76.6 (loét âm hộ)
Top 2: K26 (loét tá tràng)
Top 3: N76.5 (loét âm đạo)
Top 4: K63.3 (loét ruột)
Top 5: N48.5 (loét dương vật)"
bệnh gút không đặc hiệu,"Top 1: M10.9 (bệnh gút không đặc hiệu)
Top 2: M10.9 (bệnh gút không đặc hiệu)
Top 3: M10.94 (bệnh gút không đặc hiệu , bàn tay)
Top 4: M10.99 (bệnh gút không đặc hiệu , vị trí không xác định)
Top 5: M10.92 (bệnh gút không đặc hiệu , cánh tay)"
bệnh mạch máu,"Top 1: G95.1 (bệnh mạch máu tủy)
Top 2: G95.1 (bệnh mạch máu tủy)
Top 3: M31 (bệnh mạch máu hoại tử khác)
Top 4: I73 (bệnh mạch máu ngoại biên)
Top 5: I73 (bệnh mạch máu ngoại biên)"
viêm phổi mắc phải cộng đồng,"Top 1: Z90.2 (mất ( một phần ) phổi mắc phải)
Top 2: J85.1 (áp xe phổi có viêm phổi)
Top 3: L68.1 (rậm lông tơ mắc phải)
Top 4: J15.8 (viêm phổi do vi khuẩn khác)
Top 5: Z90.5 (mất thận mắc phải)"
đái tháo đường,"Top 1: P70.2 (đái tháo đường sơ sinh)
Top 2: P70.2 (đái tháo đường sơ sinh)
Top 3: O24 (đái tháo đường thai kỳ)
Top 4: O24 (đái tháo đường thai kỳ)
Top 5: O24.3 (đái tháo đường thai kỳ , đái tháo đường sẵn có , không đặc hiệu)"
ung thư biểu mô tuyến giật nhú,"Top 1: D05.1 (ung thư biểu mô ống tuyến vú tại chỗ)
Top 2: D05.1 (ung thư biểu mô ống tuyến vú tại chỗ)
Top 3: D07.5 (ung thư biểu mô tại chỗ của tuyến tiền liệt)
Top 4: D07.5 (ung thư biểu mô tại chỗ của tuyến tiền liệt)
Top 5: D05.7 (ung thư biểu mô ống tuyến khác tại chỗ của vú)"
ung thư vú trái,"Top 1: D05 (ung thư biểu mô tại chỗ của vú)
Top 2: D05.1 (ung thư biểu mô ống tuyến vú tại chỗ)
Top 3: D05.1 (ung thư biểu mô ống tuyến vú tại chỗ)
Top 4: D05 (ung thư biểu mô tại chỗ của vú)
Top 5: Q24.1 (tim bên trái)"
khối u trực tràng,"Top 1: K60.4 (rò trực tràng)
Top 2: D12.8 (u lành của trực tràng)
Top 3: S36.6 (tổn thương trực tràng)
Top 4: C20 (u ác trực tràng)
Top 5: K62.1 (polyp trực tràng)"
hẹp ống sống,"Top 1: M48.0 (hẹp ống sống)
Top 2: M48.0 (hẹp ống sống)
Top 3: M48.02 (hẹp ống sống , vùng cổ)
Top 4: M48.02 (hẹp ống sống , vùng cổ)
Top 5: M48.06 (hẹp ống sống , vùng thắt lưng)"
ung thư phổi,"Top 1: D02.2 (ung thư biểu mô tại chỗ của phế quản và phổi)
Top 2: A22.1 (bệnh than thể phổi)
Top 3: Z51.1 (hóa trị ung thư)
Top 4: C38.4 (u ác của màng phổi)
Top 5: Z51.0 (xạ trị ung thư)"
xơ gan mất bù,"Top 1: J98.3 (giãn phế nang còn bù)
Top 2: K74.1 (gan xơ cứng)
Top 3: K74.4 (xơ gan mật thứ phát)
Top 4: K70.3 (xơ gan do rượu)
Top 5: K70.3 (xơ gan do rượu)"
"tăng lipid máu, không đặc hiệu","Top 1: E78.5 (tăng lipid máu , không đặc hiệu)
Top 2: E78.5 (tăng lipid máu , không đặc hiệu)
Top 3: E78.2 (tăng lipid máu hỗn hợp)
Top 4: R73.9 (tăng đường huyết , không đặc hiệu)
Top 5: E78.4 (tăng lipid máu khác)"
huyết khối,"Top 1: I87.0 (hội chứng sau huyết khối)
Top 2: I87.0 (hội chứng sau huyết khối)
Top 3: I81 (huyết khối tĩnh mạch cửa)
Top 4: M31.1 (bệnh lý huyết khối vi mạch)
Top 5: M31.1 (bệnh lý huyết khối vi mạch)"
phẫu thuật nối ống gan - hỗng tràng,"Top 1: K28 (loét dạ dày - hỗng tràng)
Top 2: D12.7 (u lành của đoạn nối trực tràng - đại tràng sigma)
Top 3: C17.1 (u ác của hỗng tràng)
Top 4: C19 (u ác của đoạn nối trực tràng - đại tràng sigma)
Top 5: K28.0 (loét dạ dày - hỗng tràng , cấp có xuất huyết)"
Trào ngược dạ dày thực quản,"Top 1: K21 (bệnh trào ngược dạ dày - thực quản)
Top 2: K21 (bệnh trào ngược dạ dày - thực quản)
Top 3: K21.0 (bệnh trào ngược dạ dày - thực quản với viêm thực quản)
Top 4: K21.0 (bệnh trào ngược dạ dày - thực quản với viêm thực quản)
Top 5: K21.9 (bệnh trào ngược dạ dày - thực quản không có viêm thực quản)"
Cắt bỏ thận trái,"Top 1: T86.1 (thất bại và thải bỏ ghép thận)
Top 2: Q60.3 (giảm sản thận một bên)
Top 3: I97.2 (hội chứng phù mạch bạch huyết sau cắt bỏ tuyến vú)
Top 4: Q60.4 (giảm sản thận hai bên)
Top 5: I50.1 (suy thất trái)"
Hội chứng mạch vành cấp,"Top 1: I97.2 (hội chứng phù mạch bạch huyết sau cắt bỏ tuyến vú)
Top 2: Q24.5 (dị tật của mạch vành)
Top 3: D65 (đông máu nội mạch rải rác ( hội chứng tiêu fibrin ))
Top 4: I77.4 (hội chứng chèn ép động mạch tạng)
Top 5: N04.5 (hội chứng thận hư , viêm cầu thận gian mạch mao mạch lan tỏa)"
Sa van hai lá,"Top 1: I34.1 (sa ( van ) hai lá)
Top 2: I34.1 (sa ( van ) hai lá)
Top 3: I05.0 (hẹp van hai lá)
Top 4: I07.0 (hẹp van ba lá)
Top 5: I05.8 (bệnh van hai lá khác)"
khối ở chỗ uốn gan,"Top 1: K75.0 (áp xe ở gan)
Top 2: C22.2 (u nguyên bào gan)
Top 3: Q53 (tinh hoàn lạc chỗ)
Top 4: C18.3 (u ác của đại tràng góc gan)
Top 5: Q43.5 (hậu môn lạc chỗ)"
B,"Top 1: A01.2 (bệnh phó thương hàn b)
Top 2: A01.2 (bệnh phó thương hàn b)
Top 3: E53.9 (thiếu vitamin b , không đặc hiệu)
Top 4: L72.2 (đa u tuyến bã)
Top 5: E53 (thiếu các vitamin nhóm b khác)"
loạn thần,"Top 1: F32.3 (giai đoạn trầm cảm nặng với các triệu chứng loạn thần)
Top 2: F30.2 (hưng cảm với các triệu chứng loạn thần)
Top 3: F30.2 (hưng cảm với các triệu chứng loạn thần)
Top 4: F29 (loạn thần không thực tổn không biệt định)
Top 5: F30.1 (hưng cảm không có các triệu chứng loạn thần)"
Thoát vị,"Top 1: Q01 (thoát vị não)
Top 2: K22.0 (co thắt tâm vị)
Top 3: Q31.3 (thoát vị thanh quản)
Top 4: K40 (thoát vị bẹn)
Top 5: K44 (thoát vị hoành)"
Bệnh thận mạn tính,"Top 1: N18 (suy thận mạn)
Top 2: N18.1 (bệnh thận mạn , giai đoạn 1)
Top 3: J37.0 (viêm thanh quản mạn tính)
Top 4: N18 (suy thận mạn)
Top 5: J35.0 (viêm amiđan mạn tính)"
tổn thương chi dưới nghiêm trọng,"Top 1: T93 (di chứng tổn thương chi dưới)
Top 2: T93 (di chứng tổn thương chi dưới)
Top 3: T93.4 (di chứng tổn thương dây thần kinh chi dưới)
Top 4: T92 (di chứng tổn thương chi trên)
Top 5: T93.5 (di chứng tổn thương cơ và gân chi dưới)"
nhồi máu cũ nhỏ ở vỏ não đỉnh trái,"Top 1: I25.2 (nhồi máu cơ tim cũ)
Top 2: I63.0 (nhồi máu não do huyết khối động mạch trước não)
Top 3: I63 (nhồi máu não)
Top 4: I63.1 (nhồi máu não do thuyên tắc động mạch trước não)
Top 5: K76.3 (nhồi máu gan)"
u ác trực tràng,"Top 1: C20 (u ác trực tràng)
Top 2: C20 (u ác trực tràng)
Top 3: C78.5 (u ác thứ phát của đại tràng và trực tràng)
Top 4: C18 (u ác đại tràng)
Top 5: C18 (u ác đại tràng)"
ung thư biểu mô tuyến,"Top 1: D05.1 (ung thư biểu mô ống tuyến vú tại chỗ)
Top 2: D05.1 (ung thư biểu mô ống tuyến vú tại chỗ)
Top 3: D07.5 (ung thư biểu mô tại chỗ của tuyến tiền liệt)
Top 4: D07.5 (ung thư biểu mô tại chỗ của tuyến tiền liệt)
Top 5: D05.7 (ung thư biểu mô ống tuyến khác tại chỗ của vú)"
chứng tăng nhãn áp,"Top 1: Q15.0 (glocom ( tăng nhãn áp ) bẩm sinh)
Top 2: H44.4 (hạ nhãn áp)
Top 3: H44.4 (hạ nhãn áp)
Top 4: Q15.0 (glocom ( tăng nhãn áp ) bẩm sinh)
Top 5: I27.0 (tăng áp động mạch phổi nguyên phát)"
Phẫu thuật thay van tim hai lá cơ học,"Top 1: I05.0 (hẹp van hai lá)
Top 2: T82.0 (biến chứng cơ học của van tim nhân tạo)
Top 3: Q23.3 (hở van hai lá bẩm sinh)
Top 4: I08.3 (bệnh lý phối hợp van hai lá , van động mạch chủ và van ba lá)
Top 5: I05.8 (bệnh van hai lá khác)"
u ác của đầu tuỵ,"Top 1: C47.0 (u ác của thần kinh ngoại biên của đầu , mặt , cổ)
Top 2: C25.0 (u ác của đầu tụy)
Top 3: C49.0 (u ác của mô liên kết và mô mềm của đầu , mặt và cổ)
Top 4: C25.1 (u ác của thân tụy)
Top 5: A71.0 (giai đoạn đầu của mắt hột)"
Suy thận,"Top 1: N17 (suy thận cấp)
Top 2: N17 (suy thận cấp)
Top 3: N18 (suy thận mạn)
Top 4: N18 (suy thận mạn)
Top 5: P96.0 (suy thận bẩm sinh)"
thủng,"Top 1: K82.2 (thủng túi mật)
Top 2: K22.3 (thủng thực quản)
Top 3: H72 (thủng màng nhĩ)
Top 4: K83.2 (thủng đường mật)
Top 5: K83.2 (thủng đường mật)"
nhiễm trùng đường hô hấp trên,"Top 1: J06.9 (nhiễm trùng đường hô hấp trên cấp , không xác định)
Top 2: J06.9 (nhiễm trùng đường hô hấp trên cấp , không xác định)
Top 3: J06.8 (các nhiễm trùng đường hô hấp trên cấp khác ở nhiều vị trí)
Top 4: J06.8 (các nhiễm trùng đường hô hấp trên cấp khác ở nhiều vị trí)
Top 5: J06 (nhiễm trùng đường hô hấp trên cấp ở nhiều và không xác định vị trí)"
dị ứng phấn hoa,"Top 1: J30.1 (viêm mũi dị ứng do phấn hoa)
Top 2: J30.1 (viêm mũi dị ứng do phấn hoa)
Top 3: R42 (hoa mắt và chóng mặt)
Top 4: L23.2 (viêm da tiếp xúc dị ứng do mỹ phẩm)
Top 5: L30.5 (vảy phấn trắng)"
hội chứng turner,"Top 1: Q96 (hội chứng turner)
Top 2: Q96 (hội chứng turner)
Top 3: Q96.9 (hội chứng turner , không đặc hiệu)
Top 4: Q96.8 (các dạng khác của hội chứng turner)
Top 5: Q96.8 (các dạng khác của hội chứng turner)"
ổ dịch trong ổ bụng,"Top 1: O00.0 (thai trong ổ bụng)
Top 2: O00.0 (thai trong ổ bụng)
Top 3: S36.7 (tổn thương nhiều cơ quan trong ổ bụng)
Top 4: S37.01 (tổn thương thận , có vết thương mở vào ổ bụng)
Top 5: S36 (tổn thương các cơ quan trong ổ bụng)"
Đột quỵ,"Top 1: T67.0 (đột quỵ do nhiệt và say nắng)
Top 2: L29.1 (ngứa bìu)
Top 3: G46.4* (hội chứng đột quỵ tiểu não ( i60 - i67 † ))
Top 4: Q10.2 (quặm bẩm sinh)
Top 5: I69.4 (di chứng đột quỵ , không xác định là xuất huyết hay nhồi máu)"
tăng lipid máu,"Top 1: E78.2 (tăng lipid máu hỗn hợp)
Top 2: E78.4 (tăng lipid máu khác)
Top 3: E78.4 (tăng lipid máu khác)
Top 4: E78.2 (tăng lipid máu hỗn hợp)
Top 5: E78.5 (tăng lipid máu , không đặc hiệu)"
sỏi tại đoạn cuối ống mật chủ (CBD),"Top 1: Q44.4 (u nang ống mật chủ)
Top 2: K80.3 (sỏi ống mật có viêm đường mật)
Top 3: K80.3 (sỏi ống mật có viêm đường mật)
Top 4: K80.4 (sỏi đường mật có viêm túi mật)
Top 5: K80 (sỏi mật)"
Viêm thực quản độ C,"Top 1: K20 (viêm thực quản)
Top 2: K20 (viêm thực quản)
Top 3: B17.1 (bệnh viêm gan virus c cấp tính)
Top 4: B17.1 (bệnh viêm gan virus c cấp tính)
Top 5: B18.2 (viêm gan virus c mạn tính)"
Xơ vữa động mạch,"Top 1: I70 (xơ vữa động mạch)
Top 2: I70 (xơ vữa động mạch)
Top 3: I70.8 (xơ vữa động mạch khác)
Top 4: I70.8 (xơ vữa động mạch khác)
Top 5: I67.2 (xơ vữa động mạch não)"
phù phổi,"Top 1: J81 (phù phổi)
Top 2: J81 (phù phổi)
Top 3: C41.0 (u ác của xương sọ và xương mặt)
Top 4: J68.1 (phù phổi do hóa chất , khí , khói và chất bay hơi)
Top 5: U09 (tình trạng bệnh lý sau điều trị covid - 19)"
rung nhĩ kịch phát,"Top 1: I48.0 (rung nhĩ kịch phát)
Top 2: I48.0 (rung nhĩ kịch phát)
Top 3: I48.3 (rung nhĩ điển hình)
Top 4: I47 (nhịp nhanh kịch phát)
Top 5: I48.1 (rung nhĩ dai dẳng)"
viêm dạ dày,"Top 1: K29.6 (viêm dạ dày khác)
Top 2: K29.6 (viêm dạ dày khác)
Top 3: K29.2 (viêm dạ dày do rượu)
Top 4: K29.1 (viêm dạ dày cấp khác)
Top 5: K29 (viêm dạ dày và tá tràng)"
bàn chân vẹo bẩm sinh,"Top 1: Q66.6 (các biến dạng vẹo ra bẩm sinh khác của bàn chân)
Top 2: Q66.5 (bàn chân bẹt bẩm sinh)
Top 3: Q66.3 (các biến dạng vẹo vào trong bẩm sinh khác của bàn chân)
Top 4: Q66.6 (các biến dạng vẹo ra bẩm sinh khác của bàn chân)
Top 5: Q76.3 (vẹo cột sống bẩm sinh do dị tật xương bẩm sinh)"
Đái tháo đường,"Top 1: P70.2 (đái tháo đường sơ sinh)
Top 2: P70.2 (đái tháo đường sơ sinh)
Top 3: O24 (đái tháo đường thai kỳ)
Top 4: O24 (đái tháo đường thai kỳ)
Top 5: O24.3 (đái tháo đường thai kỳ , đái tháo đường sẵn có , không đặc hiệu)"
tổn thương dây thanh quản,"Top 1: J38.0 (liệt dây thanh âm và thanh quản)
Top 2: S11.0 (vết thương hở liên quan đến thanh quản và khí quản)
Top 3: J38.1 (polyp của dây thanh âm và thanh quản)
Top 4: S17.0 (tổn thương giập nát của thanh quản và phế quản)
Top 5: C32.8 (u ác với tổn thương chồng lấn của thanh quản)"
U Sacoit,"Top 1: U85 (kháng các thuốc kháng ung thư)
Top 2: C96.8 (u sarcom mô bào)
Top 3: U84.9 (kháng các thuốc kháng vi sinh vật không xác định)
Top 4: C25 (u ác tụy)
Top 5: U84.8 (kháng thuốc kháng vi sinh vật xác định khác)"
Tăng huyết áp phổi,"Top 1: R03.0 (số đo huyết áp tăng , không chẩn đoán tăng huyết áp)
Top 2: I27.0 (tăng áp động mạch phổi nguyên phát)
Top 3: P29.2 (tăng huyết áp sơ sinh)
Top 4: I15 (tăng huyết áp thứ phát)
Top 5: I15 (tăng huyết áp thứ phát)"
bệnh thận mạn,"Top 1: N18 (suy thận mạn)
Top 2: N18 (suy thận mạn)
Top 3: N18.5 (bệnh thận mạn , giai đoạn 5)
Top 4: N03 (hội chứng viêm thận mạn)
Top 5: N18.3 (bệnh thận mạn , giai đoạn 3)"
nhiễm trùng vết mổ,"Top 1: O90.0 (toác vết mổ lấy thai)
Top 2: O86.0 (nhiễm khuẩn vết thương do phẫu thuật sản khoa)
Top 3: O90.2 (tụ máu vết mổ sản khoa)
Top 4: T88.0 (nhiễm trùng sau tiêm chủng)
Top 5: T81.3 (toác vết mổ , không phân loại nơi khác)"
tái phát u ác trực tràng,"Top 1: C20 (u ác trực tràng)
Top 2: C20 (u ác trực tràng)
Top 3: C78.5 (u ác thứ phát của đại tràng và trực tràng)
Top 4: C78.5 (u ác thứ phát của đại tràng và trực tràng)
Top 5: C23 (u ác túi mật)"
Đái tháo đường type 2,"Top 1: E11 (bệnh đái tháo đường type 2)
Top 2: E11 (bệnh đái tháo đường type 2)
Top 3: E11.0 (bệnh đái tháo đường type 2 , có hôn mê)
Top 4: O24.1 (đái tháo đường thai kỳ , đái tháo đường sẵn có , type 2)
Top 5: O24.1 (đái tháo đường thai kỳ , đái tháo đường sẵn có , type 2)"
Tắc mạch huyết khối tĩnh mạch chủ dưới (IVC) và tĩnh mạch chủ trên (SVC) phải,"Top 1: I82.2 (thuyên tắc và huyết khối tĩnh mạch chủ)
Top 2: I74.3 (thuyên tắc và huyết khối động mạch chi dưới)
Top 3: S35.1 (tổn thương tĩnh mạch chủ dưới)
Top 4: I82.2 (thuyên tắc và huyết khối tĩnh mạch chủ)
Top 5: I73.1 (viêm tắc mạch huyết khối ( buerger ))"
Khối sa âm đạo,"Top 1: N89.4 (bạch sản âm đạo)
Top 2: N81.3 (sa hoàn toàn tử cung âm đạo)
Top 3: D28.1 (u lành âm đạo)
Top 4: N81.2 (sa tử cung âm đạo không hoàn toàn)
Top 5: Q52.1 (âm đạo đôi)"
giãn bể thận,"Top 1: C65 (u ác của bể thận)
Top 2: Q27.4 (giãn tĩnh mạch bẩm sinh)
Top 3: D30.1 (u lành của bể thận)
Top 4: Q33.4 (giãn phế quản bẩm sinh)
Top 5: C64 (u ác của thận ngoại trừ bể thận)"
ghép thận,"Top 1: Z94.0 (tình trạng ghép thận)
Top 2: Z94.0 (tình trạng ghép thận)
Top 3: T86.1 (thất bại và thải bỏ ghép thận)
Top 4: Z94.4 (tình trạng ghép gan)
Top 5: Z94.5 (tình trạng ghép da)"
bệnh động mạch vành,"Top 1: I25.4 (phình động mạch vành)
Top 2: Q24.5 (dị tật của mạch vành)
Top 3: I25.0 (bệnh tim mạch do xơ vữa động mạch vành)
Top 4: I25.4 (phình động mạch vành)
Top 5: T46.3 (ngộ độc thuốc giãn động mạch vành , không phân loại nơi khác)"
nhiễm trùng đường tiết niệu,"Top 1: N21 (sỏi đường tiết niệu dưới)
Top 2: P39.3 (nhiễm khuẩn đường tiết niệu trẻ sơ sinh)
Top 3: P39.3 (nhiễm khuẩn đường tiết niệu trẻ sơ sinh)
Top 4: O86.2 (nhiễm khuẩn đường tiết niệu sau đẻ)
Top 5: N21.8 (sỏi đường tiết niệu dưới khác)"
ung thư tuyến đại tràng,"Top 1: D01.0 (ung thư biểu mô tại chỗ của đại tràng)
Top 2: D01.0 (ung thư biểu mô tại chỗ của đại tràng)
Top 3: D05.1 (ung thư biểu mô ống tuyến vú tại chỗ)
Top 4: D01.2 (ung thư biểu mô tại chỗ của trực tràng)
Top 5: D07.5 (ung thư biểu mô tại chỗ của tuyến tiền liệt)"
Loét bàn chân nhiễm trùng,"Top 1: K63.3 (loét ruột)
Top 2: S95.0 (tổn thương động mạch mu bàn chân)
Top 3: N76.5 (loét âm đạo)
Top 4: M60.06 (viêm cơ nhiễm khuẩn , cẳng chân)
Top 5: N48.5 (loét dương vật)"
tá tràng,"Top 1: K26 (loét tá tràng)
Top 2: K31.5 (tắc tá tràng)
Top 3: K31.5 (tắc tá tràng)
Top 4: K29.8 (viêm tá tràng)
Top 5: K29.8 (viêm tá tràng)"
U cơ trơn,"Top 1: D25 (u cơ trơn tử cung)
Top 2: D25 (u cơ trơn tử cung)
Top 3: D25.1 (u cơ trơn trong vách tử cung)
Top 4: D25.1 (u cơ trơn trong vách tử cung)
Top 5: D25.0 (u cơ trơn dưới niêm mạc tử cung)"
blốc nhĩ thất,"Top 1: I44.2 (blốc nhĩ thất , hoàn toàn)
Top 2: I44.3 (blốc nhĩ thất khác và không xác định)
Top 3: I44 (blốc nhĩ thất và nhánh trái)
Top 4: I44 (blốc nhĩ thất và nhánh trái)
Top 5: Q21.2 (thông vách nhĩ thất)"
rối loạn cảm xúc lưỡng cực,"Top 1: F31 (rối loạn cảm xúc lưỡng cực)
Top 2: F31 (rối loạn cảm xúc lưỡng cực)
Top 3: F31.8 (rối loạn cảm xúc lưỡng cực khác)
Top 4: F31.8 (rối loạn cảm xúc lưỡng cực khác)
Top 5: F31.7 (rối loạn cảm xúc lưỡng cực , hiện tại thuyên giảm)"
hội chứng ruột kích thích,"Top 1: K58 (hội chứng ruột kích thích)
Top 2: K58 (hội chứng ruột kích thích)
Top 3: K58.8 (hội chứng ruột kích thích khác và không đặc hiệu)
Top 4: K58.2 (hội chứng ruột kích thích , với táo bón chủ yếu ( ibs - c ))
Top 5: I45.6 (hội chứng kích thích sớm ( hội chứng tiền kích thích ))"
R BKpop-DP bypass bằng tĩnh mạch hiển,"Top 1: S85.4 (tổn thương tĩnh mạch hiển nhỏ tại tầm cẳng chân)
Top 2: I87.1 (chèn ép tĩnh mạch)
Top 3: S85.3 (tổn thương tĩnh mạch hiển lớn tại tầm cẳng chân)
Top 4: I77.0 (rò động - tĩnh mạch mắc phải)
Top 5: S75.2 (tổn thương tĩnh mạch hiển lớn tại tầm hông và đùi)"
nhồi máu cơ tim vùng dưới cũ,"Top 1: I25.2 (nhồi máu cơ tim cũ)
Top 2: I25.2 (nhồi máu cơ tim cũ)
Top 3: I22.1 (nhồi máu cơ tim tiến triển của thành dưới)
Top 4: I21.1 (nhồi máu cơ tim xuyên thành cấp của thành dưới)
Top 5: I21.4 (nhồi máu cơ tim dưới nội tâm mạc cấp)"
Tiểu đường loại 1,"Top 1: G90.5 (hội chứng đau theo vùng phức tạp ( crps ) loại 1)
Top 2: E10 (bệnh đái tháo đường type 1)
Top 3: F21 (rối loạn loại phân liệt)
Top 4: O24.0 (đái tháo đường thai kỳ , đái tháo đường sẵn có , type 1)
Top 5: E10 (bệnh đái tháo đường type 1)"
não úng thuỷ,"Top 1: A32.1† (viêm màng não và viêm não màng não do listeria)
Top 2: G91 (não úng thủy)
Top 3: D32.0 (u lành của màng não tại não)
Top 4: G91.8 (não úng thủy khác)
Top 5: G93.6 (phù não)"
rung cuống nhĩ với đáp ứng thất nhanh,"Top 1: I48.1 (rung nhĩ dai dẳng)
Top 2: I47.1 (nhịp nhanh kịch phát trên thất)
Top 3: I48.0 (rung nhĩ kịch phát)
Top 4: I47.2 (nhịp nhanh thất)
Top 5: I48.3 (rung nhĩ điển hình)"
Cắt tuyến giáp,"Top 1: D34 (u lành của tuyến giáp)
Top 2: E03.4 (teo tuyến giáp ( mắc phải ))
Top 3: C73 (u ác của tuyến giáp)
Top 4: S11.1 (vết thương hở liên quan đến tuyến giáp)
Top 5: O90.5 (viêm tuyến giáp sau đẻ)"
bệnh phổi tắc nghẽn mạn tính,"Top 1: J44.8 (bệnh phổi tắc nghẽn mạn tính xác định khác)
Top 2: J44.8 (bệnh phổi tắc nghẽn mạn tính xác định khác)
Top 3: J44 (các bệnh phổi tắc nghẽn mạn tính khác)
Top 4: J44 (các bệnh phổi tắc nghẽn mạn tính khác)
Top 5: J44.9 (bệnh phổi tắc nghẽn mạn tính , không xác định)"
hành tá tràng,"Top 1: Q41.0 (không có , teo và hẹp hành tá tràng bẩm sinh)
Top 2: K31.5 (tắc tá tràng)
Top 3: F51.3 (chứng miên hành)
Top 4: K29.8 (viêm tá tràng)
Top 5: Q78.5 (loạn sản hành xương)"
Suy thận mạn giai V,"Top 1: N18 (suy thận mạn)
Top 2: N18.5 (bệnh thận mạn , giai đoạn 5)
Top 3: N17 (suy thận cấp)
Top 4: N18 (suy thận mạn)
Top 5: P96.0 (suy thận bẩm sinh)"
tắc nghẽn đường mật,"Top 1: K22.2 (tắc nghẽn thực quản)
Top 2: K83.1 (tắc ống mật)
Top 3: Q44.2 (teo đường mật)
Top 4: K82.0 (tắc túi mật)
Top 5: K83.3 (rò đường mật)"
Phẫu thuật cắt cụt chân trái bên trên gối,"Top 1: Q24.1 (tim bên trái)
Top 2: S33.2 (trật khớp cùng chậu và cùng cụt)
Top 3: T92.6 (di chứng tổn thương giập nát và chấn thương cắt cụt chi trên)
Top 4: Z89.6 (mất cẳng chân trên khớp gối mắc phải)
Top 5: Q26.1 (còn tĩnh mạch chủ trên trái)"
nhịp nhanh trên thất,"Top 1: I47.2 (nhịp nhanh thất)
Top 2: I47.1 (nhịp nhanh kịch phát trên thất)
Top 3: I47.1 (nhịp nhanh kịch phát trên thất)
Top 4: I47.2 (nhịp nhanh thất)
Top 5: I47 (nhịp nhanh kịch phát)"
rung nhĩ kèm đáp ứng thất nhanh,"Top 1: I48.1 (rung nhĩ dai dẳng)
Top 2: I47.1 (nhịp nhanh kịch phát trên thất)
Top 3: I48.3 (rung nhĩ điển hình)
Top 4: I47.2 (nhịp nhanh thất)
Top 5: I48.0 (rung nhĩ kịch phát)"
ngất xỉu do phản ứng thần kinh mạch máu,"Top 1: G21.4 (hội chứng parkinson do bệnh mạch máu)
Top 2: T80.5 (sốc phản vệ do huyết thanh)
Top 3: H93.0 (bệnh do thoái hóa và do mạch máu của tai)
Top 4: T88.2 (sốc do gây mê)
Top 5: L56.1 (phản ứng quá mẫn với ánh sáng do thuốc)"
Nhiễm trùng đường tiết niệu kháng thuốc,"Top 1: U84.7 (kháng đa thuốc kháng vi sinh vật)
Top 2: P39.3 (nhiễm khuẩn đường tiết niệu trẻ sơ sinh)
Top 3: U85 (kháng các thuốc kháng ung thư)
Top 4: U84.7 (kháng đa thuốc kháng vi sinh vật)
Top 5: U84.8 (kháng thuốc kháng vi sinh vật xác định khác)"
Thuyên tắc phổi,"Top 1: I26.0 (thuyên tắc mạch phổi có tâm phế cấp)
Top 2: I26.0 (thuyên tắc mạch phổi có tâm phế cấp)
Top 3: I26.9 (thuyên tắc mạch phổi không có tâm phế cấp)
Top 4: I26 (tắc mạch phổi)
Top 5: O88.1 (thuyên tắc mạch ối)"
hạ kali máu,"Top 1: E87.6 (hạ kali máu)
Top 2: E87.6 (hạ kali máu)
Top 3: E87.5 (tăng kali máu)
Top 4: E87.5 (tăng kali máu)
Top 5: P71.1 (hạ calci máu khác của sơ sinh)"
nguyên phát,"Top 1: N91.0 (vô kinh nguyên phát)
Top 2: N91.0 (vô kinh nguyên phát)
Top 3: N94.4 (đau kinh nguyên phát)
Top 4: N91.3 (thiểu kinh nguyên phát)
Top 5: D45 (đa hồng cầu nguyên phát)"
sỏi mật,"Top 1: K80 (sỏi mật)
Top 2: K80 (sỏi mật)
Top 3: K80.8 (sỏi mật khác)
Top 4: K80.8 (sỏi mật khác)
Top 5: K56.3 (tắc ruột do sỏi mật)"
Ung thư biểu mô tế bào vảy xâm nhập của dương vật,"Top 1: D07.4 (ung thư biểu mô tại chỗ của dương vật)
Top 2: D07.4 (ung thư biểu mô tại chỗ của dương vật)
Top 3: C22.0 (ung thư biểu mô tế bào gan)
Top 4: D07.5 (ung thư biểu mô tại chỗ của tuyến tiền liệt)
Top 5: D01.0 (ung thư biểu mô tại chỗ của đại tràng)"
thiếu máu cơ tim,"Top 1: I25.6 (thiếu máu cơ tim thầm lặng)
Top 2: I25.5 (bệnh cơ tim do thiếu máu cục bộ)
Top 3: I25.5 (bệnh cơ tim do thiếu máu cục bộ)
Top 4: I25.6 (thiếu máu cơ tim thầm lặng)
Top 5: P29.4 (thiếu máu cơ tim thoáng qua của trẻ sơ sinh)"
Viêm phổi bệnh viện,"Top 1: J85.1 (áp xe phổi có viêm phổi)
Top 2: A22.1 (bệnh than thể phổi)
Top 3: Z38.4 (trẻ sinh đôi , ngoài bệnh viện)
Top 4: P23.0 (viêm phổi bẩm sinh do virus)
Top 5: Y95 (tình trạng mắc phải trong bệnh viện)"
Bệnh thủy đậu,"Top 1: B01 (thủy đậu)
Top 2: B01.8 (bệnh thủy đậu với biến chứng khác)
Top 3: B01.9 (bệnh thủy đậu không biến chứng)
Top 4: B01.9 (bệnh thủy đậu không biến chứng)
Top 5: B01.8 (bệnh thủy đậu với biến chứng khác)"
tắc mạch phổi,"Top 1: I26 (tắc mạch phổi)
Top 2: I26 (tắc mạch phổi)
Top 3: I26.0 (thuyên tắc mạch phổi có tâm phế cấp)
Top 4: Q25.6 (hẹp động mạch phổi)
Top 5: O88 (tắc mạch sản khoa)"
ổ dịch sau phẫu thuật,"Top 1: Z54.0 (dưỡng sức sau phẫu thuật)
Top 2: N99.0 (suy thận sau phẫu thuật , thủ thuật)
Top 3: N99.2 (dính âm đạo sau phẫu thuật)
Top 4: N99.2 (dính âm đạo sau phẫu thuật)
Top 5: K91.1 (hội chứng sau phẫu thuật dạ dày)"
hội chứng não gan tiến triển,"Top 1: J80 (hội chứng suy hô hấp tiến triển)
Top 2: J80 (hội chứng suy hô hấp tiến triển)
Top 3: N01 (hội chứng viêm thận tiến triển nhanh)
Top 4: A81.2 (bệnh lý não chất trắng đa ổ tiến triển)
Top 5: N01.8 (hội chứng viêm thận tiến triển nhanh khác)"
nhiễm trùng răng miệng,"Top 1: K09.1 (nang vùng miệng không có nguồn gốc răng)
Top 2: K04.0 (viêm tủy răng)
Top 3: K01 (răng mọc kẹt và răng mọc ngầm)
Top 4: K02 (sâu răng)
Top 5: K00 (rối loạn phát triển răng và mọc răng)"
khối u có nguồn gốc từ đường mật tụy,"Top 1: C21.2 (u ác của vùng có nguồn gốc từ ổ nhớp)
Top 2: C24.0 (u ác của đường mật ngoài gan)
Top 3: K09.1 (nang vùng miệng không có nguồn gốc răng)
Top 4: C21.2 (u ác của vùng có nguồn gốc từ ổ nhớp)
Top 5: K09.0 (nang nguồn gốc răng)"
ung thư biểu mô tế bào thận,"Top 1: C22.0 (ung thư biểu mô tế bào gan)
Top 2: C22.0 (ung thư biểu mô tế bào gan)
Top 3: D05.0 (ung thư biểu mô tiểu thùy tại chỗ)
Top 4: D05.0 (ung thư biểu mô tiểu thùy tại chỗ)
Top 5: C22.1 (ung thư biểu mô đường mật trong gan)"
UTIs,"Top 1: U85 (kháng các thuốc kháng ung thư)
Top 2: D12 (u lành của đại tràng , trực tràng , hậu môn và ống hậu môn)
Top 3: U84.9 (kháng các thuốc kháng vi sinh vật không xác định)
Top 4: C23 (u ác túi mật)
Top 5: U84.8 (kháng thuốc kháng vi sinh vật xác định khác)"
cắt bỏ phân đoạn bên trái gan,"Top 1: Q24.1 (tim bên trái)
Top 2: Q60.3 (giảm sản thận một bên)
Top 3: T86.8 (thất bại và thải bỏ ghép gan)
Top 4: Q60.4 (giảm sản thận hai bên)
Top 5: I97.2 (hội chứng phù mạch bạch huyết sau cắt bỏ tuyến vú)"
Ảo giác do rượu,"Top 1: K70.3 (xơ gan do rượu)
Top 2: K70.4 (suy gan do rượu)
Top 3: K70.4 (suy gan do rượu)
Top 4: F10.6 (hội chứng quên do rượu)
Top 5: K70.1 (viêm gan do rượu)"
ngưng thở khi ngủ,"Top 1: G47.3 (ngừng thở khi ngủ)
Top 2: G47.3 (ngừng thở khi ngủ)
Top 3: P28.3 (ngừng thở khi ngủ nguyên phát của trẻ sơ sinh)
Top 4: P28.3 (ngừng thở khi ngủ nguyên phát của trẻ sơ sinh)
Top 5: R07.1 (đau ngực khi thở)"
bàng quang thần kinh,"Top 1: N31.8 (rối loạn chức năng thần kinh cơ bàng quang khác)
Top 2: N31.1 (bàng quang thần kinh phản xạ , không phân loại nơi khác)
Top 3: N31.1 (bàng quang thần kinh phản xạ , không phân loại nơi khác)
Top 4: N31.2 (bàng quang thần kinh mất trương lực , không phân loại nơi khác)
Top 5: N31.9 (rối loạn chức năng thần kinh cơ bàng quang , không đặc hiệu)"
bệnh trào ngược dạ dày- thực quản không có viêm thực quản,"Top 1: K21.9 (bệnh trào ngược dạ dày - thực quản không có viêm thực quản)
Top 2: K21.9 (bệnh trào ngược dạ dày - thực quản không có viêm thực quản)
Top 3: K21.0 (bệnh trào ngược dạ dày - thực quản với viêm thực quản)
Top 4: K21.0 (bệnh trào ngược dạ dày - thực quản với viêm thực quản)
Top 5: K21 (bệnh trào ngược dạ dày - thực quản)"
nhiễm trùng huyết đường vào tiết niệu,"Top 1: A20.7 (dịch hạch thể nhiễm trùng huyết)
Top 2: P39.3 (nhiễm khuẩn đường tiết niệu trẻ sơ sinh)
Top 3: B37.7 (nhiễm trùng huyết do candida)
Top 4: O86.2 (nhiễm khuẩn đường tiết niệu sau đẻ)
Top 5: N21 (sỏi đường tiết niệu dưới)"
